{"v":"4.10.1","fr":30,"ip":0,"op":68,"w":96,"h":96,"nm":"12.6蓝色长版 4","ddd":0,"assets":[{"id":"comp_0","layers":[{"ddd":0,"ind":1,"ty":4,"nm":"Page 1","sr":1,"ks":{"o":{"a":0,"k":100,"ix":11},"r":{"a":0,"k":0,"ix":10},"p":{"a":0,"k":[48,54.75,0],"ix":2},"a":{"a":0,"k":[0,0,0],"ix":1},"s":{"a":0,"k":[31,31,100],"ix":6}},"ao":0,"shapes":[{"ty":"gr","it":[{"ind":0,"ty":"sh","ix":1,"ks":{"a":0,"k":{"i":[[0,0],[0,16.174],[-16.221,0],[0,-16.174],[16.221,0]],"o":[[-16.221,0],[0,-16.174],[16.221,0],[0,16.174],[0,0]],"v":[[0.635,34.967],[-28.737,5.681],[0.635,-23.604],[30.006,5.681],[0.635,34.967]],"c":false},"ix":2},"nm":"Path","mn":"ADBE Vector Shape - Group","hd":false},{"ind":1,"ty":"sh","ix":2,"ks":{"a":0,"k":{"i":[[0,0],[0,0],[1.22,-1.272],[5.441,-2.65],[-0.72,-28.724],[-32.774,-0.231],[0,33.737],[26.346,12.526]],"o":[[-6.246,-2.97],[-1.275,-1.216],[0,0],[-28.381,13.822],[0.819,32.669],[33.891,0.24],[0,-28.834],[0,0]],"v":[[14.372,-51.177],[1.486,-59.616],[-3.031,-59.516],[-15.571,-50.619],[-60.478,9.622],[0.059,64.498],[61.5,8.064],[14.372,-51.177]],"c":false},"ix":2},"nm":"Path","mn":"ADBE Vector Shape - Group","hd":false},{"ty":"fl","c":{"a":0,"k":[0.603921568627,0.780392156863,0.976470588235,1],"ix":4},"o":{"a":0,"k":100,"ix":5},"r":2,"nm":"填充 1","mn":"ADBE Vector Graphic - Fill","hd":false},{"ty":"tr","p":{"a":0,"k":[0.5,2],"ix":2},"a":{"a":0,"k":[0.5,2],"ix":1},"s":{"a":0,"k":[100,100],"ix":3},"r":{"a":0,"k":0,"ix":6},"o":{"a":0,"k":100,"ix":7},"sk":{"a":0,"k":0,"ix":4},"sa":{"a":0,"k":0,"ix":5},"nm":"变换"}],"nm":"组 1","np":3,"cix":2,"ix":1,"mn":"ADBE Vector Group","hd":false}],"ip":0,"op":450,"st":0,"bm":0},{"ddd":0,"ind":2,"ty":4,"nm":"“图层 2/蚂蚁头”轮廓","sr":1,"ks":{"o":{"a":0,"k":100,"ix":11},"r":{"a":1,"k":[{"i":{"x":[0.667],"y":[1]},"o":{"x":[0.333],"y":[0]},"n":["0p667_1_0p333_0"],"t":5,"s":[72],"e":[0]},{"t":13}],"ix":10},"p":{"a":0,"k":[54.5,40.25,0],"ix":2},"a":{"a":0,"k":[0.75,11.5,0],"ix":1},"s":{"a":0,"k":[100,100,100],"ix":6}},"ao":0,"shapes":[{"ty":"gr","it":[{"ind":0,"ty":"sh","ix":1,"ks":{"a":0,"k":{"i":[[0,0],[-0.124,1.115],[-0.718,2.357],[-1.785,0.422],[2.56,-1.35],[0.709,-0.766]],"o":[[-0.156,0.67],[0,0],[0.641,-2.104],[2.272,-0.538],[-0.903,0.476],[-0.902,0.975]],"v":[[-3.13,5.093],[-4.194,4.702],[-2.901,-0.415],[1.069,-5.263],[1.758,-1.625],[-1.354,-0.069]],"c":true},"ix":2},"nm":"路径 1","mn":"ADBE Vector Shape - Group","hd":false},{"ty":"fl","c":{"a":0,"k":[0.603921568627,0.780392156863,0.976470588235,1],"ix":4},"o":{"a":0,"k":100,"ix":5},"r":1,"nm":"填充 1","mn":"ADBE Vector Graphic - Fill","hd":false},{"ty":"tr","p":{"a":0,"k":[4.568,6.067],"ix":2},"a":{"a":0,"k":[0,0],"ix":1},"s":{"a":0,"k":[100,100],"ix":3},"r":{"a":0,"k":0,"ix":6},"o":{"a":0,"k":100,"ix":7},"sk":{"a":0,"k":0,"ix":4},"sa":{"a":0,"k":0,"ix":5},"nm":"变换"}],"nm":"组 1","np":2,"cix":2,"ix":1,"mn":"ADBE Vector Group","hd":false}],"ip":0,"op":100,"st":0,"bm":0},{"ddd":0,"ind":3,"ty":4,"nm":"“图层 3/蚂蚁头”轮廓","sr":1,"ks":{"o":{"a":0,"k":100,"ix":11},"r":{"a":1,"k":[{"i":{"x":[0.667],"y":[1]},"o":{"x":[0.333],"y":[0]},"n":["0p667_1_0p333_0"],"t":5,"s":[57],"e":[0]},{"t":13}],"ix":10},"p":{"a":0,"k":[41,41,0],"ix":2},"a":{"a":0,"k":[4.25,14.25,0],"ix":1},"s":{"a":0,"k":[100,100,100],"ix":6}},"ao":0,"shapes":[{"ty":"gr","it":[{"ind":0,"ty":"sh","ix":1,"ks":{"a":0,"k":{"i":[[0,0],[0.415,1.043],[0.474,2.419],[-1.377,1.211],[1.626,-2.394],[0.266,-1.009]],"o":[[0.177,0.665],[0,0],[-0.422,-2.159],[1.753,-1.543],[-0.574,0.845],[-0.338,1.285]],"v":[[0.019,6.003],[-1.105,6.156],[-2.375,0.487],[-1.147,-5.657],[1.17,-2.77],[-0.846,0.066]],"c":true},"ix":2},"nm":"路径 1","mn":"ADBE Vector Shape - Group","hd":false},{"ty":"fl","c":{"a":0,"k":[0.603921568627,0.780392156863,0.976470588235,1],"ix":4},"o":{"a":0,"k":100,"ix":5},"r":1,"nm":"填充 1","mn":"ADBE Vector Graphic - Fill","hd":false},{"ty":"tr","p":{"a":0,"k":[3.047,7.45],"ix":2},"a":{"a":0,"k":[0,0],"ix":1},"s":{"a":0,"k":[100,100],"ix":3},"r":{"a":0,"k":0,"ix":6},"o":{"a":0,"k":100,"ix":7},"sk":{"a":0,"k":0,"ix":4},"sa":{"a":0,"k":0,"ix":5},"nm":"变换"}],"nm":"组 1","np":2,"cix":2,"ix":1,"mn":"ADBE Vector Group","hd":false}],"ip":0,"op":100,"st":0,"bm":0}]}],"layers":[{"ddd":0,"ind":1,"ty":4,"nm":"形状图层 11","sr":1,"ks":{"o":{"a":1,"k":[{"i":{"x":[1],"y":[1]},"o":{"x":[0.75],"y":[0]},"n":["1_1_0p75_0"],"t":64,"s":[100],"e":[100]},{"i":{"x":[0.667],"y":[1]},"o":{"x":[0.75],"y":[0]},"n":["0p667_1_0p75_0"],"t":67,"s":[100],"e":[0]},{"t":70}],"ix":11},"r":{"a":0,"k":90,"ix":10},"p":{"a":1,"k":[{"i":{"x":1,"y":1},"o":{"x":0.291,"y":0},"n":"1_1_0p291_0","t":64,"s":[52.25,43,0],"e":[62.25,43,0],"to":[0.25510004162788,0,0],"ti":[-1.8282333612442,-1.46258664131165,0]},{"t":67}],"ix":2},"a":{"a":0,"k":[-1.5,-16.75,0],"ix":1},"s":{"a":1,"k":[{"i":{"x":[1,1,0.667],"y":[1,1,1]},"o":{"x":[0.333,0.333,0.333],"y":[0,0,0]},"n":["1_1_0p333_0","1_1_0p333_0","0p667_1_0p333_0"],"t":64,"s":[100,100,100],"e":[100,30,100]},{"t":67}],"ix":6}},"ao":0,"shapes":[{"ty":"gr","it":[{"ty":"rc","d":1,"s":{"a":0,"k":[2.8,10],"ix":2},"p":{"a":0,"k":[0,0],"ix":3},"r":{"a":0,"k":20,"ix":4},"nm":"矩形路径 1","mn":"ADBE Vector Shape - Rect","hd":false},{"ty":"fl","c":{"a":0,"k":[0.603921568627,0.780392156863,0.976470588235,1],"ix":4},"o":{"a":0,"k":100,"ix":5},"r":1,"nm":"填充 1","mn":"ADBE Vector Graphic - Fill","hd":false},{"ty":"tr","p":{"a":0,"k":[-1.709,-16.849],"ix":2},"a":{"a":0,"k":[0,0],"ix":1},"s":{"a":0,"k":[100,100],"ix":3},"r":{"a":0,"k":0,"ix":6},"o":{"a":0,"k":100,"ix":7},"sk":{"a":0,"k":0,"ix":4},"sa":{"a":0,"k":0,"ix":5},"nm":"变换"}],"nm":"矩形 1","np":3,"cix":2,"ix":1,"mn":"ADBE Vector Group","hd":false}],"ip":63,"op":68,"st":0,"bm":0},{"ddd":0,"ind":2,"ty":4,"nm":"形状图层 10","sr":1,"ks":{"o":{"a":1,"k":[{"i":{"x":[1],"y":[1]},"o":{"x":[0.75],"y":[0]},"n":["1_1_0p75_0"],"t":64,"s":[100],"e":[100]},{"i":{"x":[0.667],"y":[1]},"o":{"x":[0.75],"y":[0]},"n":["0p667_1_0p75_0"],"t":67,"s":[100],"e":[0]},{"t":70}],"ix":11},"r":{"a":0,"k":90,"ix":10},"p":{"a":1,"k":[{"i":{"x":1,"y":1},"o":{"x":0.291,"y":0},"n":"1_1_0p291_0","t":64,"s":[41.75,43,0],"e":[31.75,43,0],"to":[-0.25510004162788,0,0],"ti":[1.8282333612442,-1.46258664131165,0]},{"t":67}],"ix":2},"a":{"a":0,"k":[-1.5,-16.75,0],"ix":1},"s":{"a":1,"k":[{"i":{"x":[1,1,0.667],"y":[1,1,1]},"o":{"x":[0.333,0.333,0.333],"y":[0,0,0]},"n":["1_1_0p333_0","1_1_0p333_0","0p667_1_0p333_0"],"t":64,"s":[100,100,100],"e":[100,30,100]},{"t":67}],"ix":6}},"ao":0,"shapes":[{"ty":"gr","it":[{"ty":"rc","d":1,"s":{"a":0,"k":[2.8,10],"ix":2},"p":{"a":0,"k":[0,0],"ix":3},"r":{"a":0,"k":20,"ix":4},"nm":"矩形路径 1","mn":"ADBE Vector Shape - Rect","hd":false},{"ty":"fl","c":{"a":0,"k":[0.603921568627,0.780392156863,0.976470588235,1],"ix":4},"o":{"a":0,"k":100,"ix":5},"r":1,"nm":"填充 1","mn":"ADBE Vector Graphic - Fill","hd":false},{"ty":"tr","p":{"a":0,"k":[-1.709,-16.849],"ix":2},"a":{"a":0,"k":[0,0],"ix":1},"s":{"a":0,"k":[100,100],"ix":3},"r":{"a":0,"k":0,"ix":6},"o":{"a":0,"k":100,"ix":7},"sk":{"a":0,"k":0,"ix":4},"sa":{"a":0,"k":0,"ix":5},"nm":"变换"}],"nm":"矩形 1","np":3,"cix":2,"ix":1,"mn":"ADBE Vector Group","hd":false}],"ip":63,"op":68,"st":0,"bm":0},{"ddd":0,"ind":3,"ty":4,"nm":"形状图层 9","sr":1,"ks":{"o":{"a":1,"k":[{"i":{"x":[1],"y":[1]},"o":{"x":[0.75],"y":[0]},"n":["1_1_0p75_0"],"t":64,"s":[100],"e":[100]},{"i":{"x":[0.667],"y":[1]},"o":{"x":[0.75],"y":[0]},"n":["0p667_1_0p75_0"],"t":67,"s":[100],"e":[0]},{"t":70}],"ix":11},"r":{"a":0,"k":0,"ix":10},"p":{"a":1,"k":[{"i":{"x":1,"y":1},"o":{"x":0.291,"y":0},"n":"1_1_0p291_0","t":64,"s":[47.25,47.5,0],"e":[47.25,57.5,0],"to":[0,0.26719802618027,0],"ti":[0,-3.26904368400574,0]},{"t":67}],"ix":2},"a":{"a":0,"k":[-1.5,-16.75,0],"ix":1},"s":{"a":1,"k":[{"i":{"x":[1,1,0.667],"y":[1,1,1]},"o":{"x":[0.333,0.333,0.333],"y":[0,0,0]},"n":["1_1_0p333_0","1_1_0p333_0","0p667_1_0p333_0"],"t":64,"s":[100,100,100],"e":[100,30,100]},{"t":67}],"ix":6}},"ao":0,"shapes":[{"ty":"gr","it":[{"ty":"rc","d":1,"s":{"a":0,"k":[2.8,10],"ix":2},"p":{"a":0,"k":[0,0],"ix":3},"r":{"a":0,"k":20,"ix":4},"nm":"矩形路径 1","mn":"ADBE Vector Shape - Rect","hd":false},{"ty":"fl","c":{"a":0,"k":[0.603921568627,0.780392156863,0.976470588235,1],"ix":4},"o":{"a":0,"k":100,"ix":5},"r":1,"nm":"填充 1","mn":"ADBE Vector Graphic - Fill","hd":false},{"ty":"tr","p":{"a":0,"k":[-1.709,-16.849],"ix":2},"a":{"a":0,"k":[0,0],"ix":1},"s":{"a":0,"k":[100,100],"ix":3},"r":{"a":0,"k":0,"ix":6},"o":{"a":0,"k":100,"ix":7},"sk":{"a":0,"k":0,"ix":4},"sa":{"a":0,"k":0,"ix":5},"nm":"变换"}],"nm":"矩形 1","np":3,"cix":2,"ix":1,"mn":"ADBE Vector Group","hd":false}],"ip":63,"op":68,"st":0,"bm":0},{"ddd":0,"ind":4,"ty":4,"nm":"形状图层 8","sr":1,"ks":{"o":{"a":1,"k":[{"i":{"x":[1],"y":[1]},"o":{"x":[0.75],"y":[0]},"n":["1_1_0p75_0"],"t":64,"s":[100],"e":[100]},{"i":{"x":[0.667],"y":[1]},"o":{"x":[0.75],"y":[0]},"n":["0p667_1_0p75_0"],"t":67,"s":[100],"e":[0]},{"t":70}],"ix":11},"r":{"a":0,"k":0,"ix":10},"p":{"a":1,"k":[{"i":{"x":1,"y":1},"o":{"x":0.291,"y":0},"n":"1_1_0p291_0","t":64,"s":[47.25,37.25,0],"e":[47.25,27.25,0],"to":[0,-0.24070072174072,0],"ti":[0,0.36852651834488,0]},{"t":67}],"ix":2},"a":{"a":0,"k":[-1.5,-16.75,0],"ix":1},"s":{"a":1,"k":[{"i":{"x":[1,1,0.667],"y":[1,1,1]},"o":{"x":[0.333,0.333,0.333],"y":[0,0,0]},"n":["1_1_0p333_0","1_1_0p333_0","0p667_1_0p333_0"],"t":64,"s":[100,100,100],"e":[100,30,100]},{"t":67}],"ix":6}},"ao":0,"shapes":[{"ty":"gr","it":[{"ty":"rc","d":1,"s":{"a":0,"k":[2.8,10],"ix":2},"p":{"a":0,"k":[0,0],"ix":3},"r":{"a":0,"k":20,"ix":4},"nm":"矩形路径 1","mn":"ADBE Vector Shape - Rect","hd":false},{"ty":"fl","c":{"a":0,"k":[0.603921568627,0.780392156863,0.976470588235,1],"ix":4},"o":{"a":0,"k":100,"ix":5},"r":1,"nm":"填充 1","mn":"ADBE Vector Graphic - Fill","hd":false},{"ty":"tr","p":{"a":0,"k":[-1.709,-16.849],"ix":2},"a":{"a":0,"k":[0,0],"ix":1},"s":{"a":0,"k":[100,100],"ix":3},"r":{"a":0,"k":0,"ix":6},"o":{"a":0,"k":100,"ix":7},"sk":{"a":0,"k":0,"ix":4},"sa":{"a":0,"k":0,"ix":5},"nm":"变换"}],"nm":"矩形 1","np":3,"cix":2,"ix":1,"mn":"ADBE Vector Group","hd":false}],"ip":63,"op":68,"st":0,"bm":0},{"ddd":0,"ind":7,"ty":4,"nm":"形状图层 4","td":1,"sr":1,"ks":{"o":{"a":0,"k":100,"ix":11},"r":{"a":0,"k":0,"ix":10},"p":{"a":0,"k":[47,81,0],"ix":2},"a":{"a":0,"k":[-1,33,0],"ix":1},"s":{"a":0,"k":[100,253.448,100],"ix":6}},"ao":0,"shapes":[{"ty":"gr","it":[{"ty":"rc","d":1,"s":{"a":0,"k":[69.766,28.029],"ix":2},"p":{"a":0,"k":[0,0],"ix":3},"r":{"a":0,"k":0,"ix":4},"nm":"矩形路径 1","mn":"ADBE Vector Shape - Rect","hd":false},{"ty":"fl","c":{"a":0,"k":[0.090196078431,0.439215686275,0.717647058824,1],"ix":4},"o":{"a":0,"k":100,"ix":5},"r":1,"nm":"填充 1","mn":"ADBE Vector Graphic - Fill","hd":false},{"ty":"tr","p":{"a":0,"k":[-1.617,18.015],"ix":2},"a":{"a":0,"k":[0,0],"ix":1},"s":{"a":0,"k":[100,100],"ix":3},"r":{"a":0,"k":0,"ix":6},"o":{"a":0,"k":100,"ix":7},"sk":{"a":0,"k":0,"ix":4},"sa":{"a":0,"k":0,"ix":5},"nm":"变换"}],"nm":"矩形 1","np":3,"cix":2,"ix":1,"mn":"ADBE Vector Group","hd":false}],"ip":14,"op":68,"st":0,"bm":0},{"ddd":0,"ind":8,"ty":4,"nm":"“图层 2/蚂蚁头”轮廓","tt":1,"sr":1,"ks":{"o":{"a":0,"k":100,"ix":11},"r":{"a":1,"k":[{"i":{"x":[0.667],"y":[1]},"o":{"x":[0.333],"y":[0]},"n":["0p667_1_0p333_0"],"t":17,"s":[0],"e":[-16]},{"i":{"x":[0.667],"y":[1]},"o":{"x":[0.333],"y":[0]},"n":["0p667_1_0p333_0"],"t":25,"s":[-16],"e":[24]},{"i":{"x":[0.667],"y":[1]},"o":{"x":[0.333],"y":[0]},"n":["0p667_1_0p333_0"],"t":31,"s":[24],"e":[4]},{"i":{"x":[0.667],"y":[1]},"o":{"x":[0.333],"y":[0]},"n":["0p667_1_0p333_0"],"t":36,"s":[4],"e":[22]},{"i":{"x":[0.667],"y":[1]},"o":{"x":[0.333],"y":[0]},"n":["0p667_1_0p333_0"],"t":46,"s":[22],"e":[-14]},{"i":{"x":[0.667],"y":[1]},"o":{"x":[0.333],"y":[0]},"n":["0p667_1_0p333_0"],"t":57,"s":[-14],"e":[-14]},{"t":62}],"ix":10},"p":{"a":1,"k":[{"i":{"x":0.667,"y":0.526},"o":{"x":0.333,"y":0},"n":"0p667_0p526_0p333_0","t":17,"s":[54,59.5,0],"e":[54.245,40.377,0],"to":[0.04098449274898,-2.97137570381165,0],"ti":[-0.1024447530508,7.55412530899048,0]},{"i":{"x":0.667,"y":1},"o":{"x":0.333,"y":0.445},"n":"0p667_1_0p333_0p445","t":21,"s":[54.245,40.377,0],"e":[54.5,20,0],"to":[0.10585507750511,-7.80559730529785,0],"ti":[-0.04234883934259,2.56210494041443,0]},{"i":{"x":0.667,"y":1},"o":{"x":0.333,"y":0},"n":"0p667_1_0p333_0","t":25,"s":[54.5,20,0],"e":[54.5,28.75,0],"to":[0.08333333581686,-5.04166650772095,0],"ti":[0,-1.08333337306976,0]},{"i":{"x":0.667,"y":1},"o":{"x":0.333,"y":0},"n":"0p667_1_0p333_0","t":31,"s":[54.5,28.75,0],"e":[54.5,26.5,0],"to":[0,1.08333337306976,0],"ti":[0.16666667163372,1.125,0]},{"i":{"x":0.667,"y":1},"o":{"x":0.356,"y":0},"n":"0p667_1_0p356_0","t":36,"s":[54.5,26.5,0],"e":[53.5,27.75,0],"to":[-0.10286772996187,-0.69435715675354,0],"ti":[0.16666667163372,-0.375,0]},{"i":{"x":0.667,"y":1},"o":{"x":0.333,"y":0},"n":"0p667_1_0p333_0","t":46,"s":[53.5,27.75,0],"e":[53.5,28.75,0],"to":[-0.16666667163372,0.375,0],"ti":[0,0.5,0]},{"i":{"x":0.58,"y":1},"o":{"x":0.333,"y":0},"n":"0p58_1_0p333_0","t":57,"s":[53.5,28.75,0],"e":[53.5,24.75,0],"to":[0,-0.5,0],"ti":[0,-11,0]},{"i":{"x":0.58,"y":1},"o":{"x":0,"y":0},"n":"0p58_1_0_0","t":62,"s":[53.5,24.75,0],"e":[53.5,94.75,0],"to":[0,11,0],"ti":[0,-11.6666669845581,0]},{"t":69}],"ix":2},"a":{"a":0,"k":[0.25,12.25,0],"ix":1},"s":{"a":1,"k":[{"i":{"x":[0.667,0.667,0.667],"y":[1,1,1]},"o":{"x":[0.333,0.333,0.333],"y":[0,0,0]},"n":["0p667_1_0p333_0","0p667_1_0p333_0","0p667_1_0p333_0"],"t":21,"s":[100,100,100],"e":[100,75,100]},{"i":{"x":[0.667,0.667,0.667],"y":[1,1,1]},"o":{"x":[0.333,0.333,0.333],"y":[0,0,0]},"n":["0p667_1_0p333_0","0p667_1_0p333_0","0p667_1_0p333_0"],"t":25,"s":[100,75,100],"e":[100,100,100]},{"t":31}],"ix":6}},"ao":0,"shapes":[{"ty":"gr","it":[{"ind":0,"ty":"sh","ix":1,"ks":{"a":1,"k":[{"i":{"x":0.667,"y":1},"o":{"x":0.333,"y":0},"n":"0p667_1_0p333_0","t":17,"s":[{"i":[[0,0],[-0.124,1.115],[-0.718,2.357],[-1.785,0.422],[2.56,-1.35],[0.709,-0.766]],"o":[[-0.156,0.67],[0,0],[0.641,-2.104],[2.272,-0.538],[-0.903,0.476],[-0.902,0.975]],"v":[[-3.13,5.093],[-4.194,4.702],[-2.901,-0.431],[1.069,-5.278],[1.758,-1.64],[-1.354,-0.085]],"c":true}],"e":[{"i":[[0,0],[-0.124,1.115],[-0.718,2.357],[-1.785,0.422],[2.56,-1.35],[0.709,-0.766]],"o":[[-0.156,0.67],[0,0],[0.641,-2.104],[2.272,-0.538],[-0.903,0.476],[-0.902,0.975]],"v":[[-3.13,5.093],[-4.194,4.702],[-2.901,-0.431],[1.069,-5.278],[1.758,-1.64],[-1.354,-0.085]],"c":true}]},{"i":{"x":0.667,"y":1},"o":{"x":0.333,"y":0},"n":"0p667_1_0p333_0","t":42,"s":[{"i":[[0,0],[-0.124,1.115],[-0.718,2.357],[-1.785,0.422],[2.56,-1.35],[0.709,-0.766]],"o":[[-0.156,0.67],[0,0],[0.641,-2.104],[2.272,-0.538],[-0.903,0.476],[-0.902,0.975]],"v":[[-3.13,5.093],[-4.194,4.702],[-2.901,-0.431],[1.069,-5.278],[1.758,-1.64],[-1.354,-0.085]],"c":true}],"e":[{"i":[[0,0],[-0.124,1.115],[-0.718,2.357],[-1.785,0.422],[2.56,-1.35],[0.709,-0.766]],"o":[[-0.156,0.67],[0,0],[0.641,-2.104],[2.272,-0.538],[-0.903,0.476],[-0.902,0.975]],"v":[[-2.779,4.294],[-3.843,3.902],[-2.901,-0.431],[1.069,-5.278],[1.758,-1.64],[-1.354,-0.085]],"c":true}]},{"i":{"x":0.667,"y":1},"o":{"x":0.333,"y":0},"n":"0p667_1_0p333_0","t":46,"s":[{"i":[[0,0],[-0.124,1.115],[-0.718,2.357],[-1.785,0.422],[2.56,-1.35],[0.709,-0.766]],"o":[[-0.156,0.67],[0,0],[0.641,-2.104],[2.272,-0.538],[-0.903,0.476],[-0.902,0.975]],"v":[[-2.779,4.294],[-3.843,3.902],[-2.901,-0.431],[1.069,-5.278],[1.758,-1.64],[-1.354,-0.085]],"c":true}],"e":[{"i":[[0,0],[-0.124,1.115],[-0.718,2.357],[-1.785,0.422],[2.56,-1.35],[0.709,-0.766]],"o":[[-0.156,0.67],[0,0],[0.641,-2.104],[2.272,-0.538],[-0.903,0.476],[-0.902,0.975]],"v":[[-2.779,4.294],[-3.843,3.902],[-2.901,-0.431],[1.069,-5.278],[1.758,-1.64],[-1.354,-0.085]],"c":true}]},{"i":{"x":0.667,"y":1},"o":{"x":0.333,"y":0},"n":"0p667_1_0p333_0","t":49,"s":[{"i":[[0,0],[-0.124,1.115],[-0.718,2.357],[-1.785,0.422],[2.56,-1.35],[0.709,-0.766]],"o":[[-0.156,0.67],[0,0],[0.641,-2.104],[2.272,-0.538],[-0.903,0.476],[-0.902,0.975]],"v":[[-2.779,4.294],[-3.843,3.902],[-2.901,-0.431],[1.069,-5.278],[1.758,-1.64],[-1.354,-0.085]],"c":true}],"e":[{"i":[[0,0],[-0.124,1.115],[-0.718,2.357],[-1.785,0.422],[2.56,-1.35],[0.709,-0.766]],"o":[[-0.156,0.67],[0,0],[0.641,-2.104],[2.272,-0.538],[-0.903,0.476],[-0.902,0.975]],"v":[[-2.59,3.536],[-3.654,3.144],[-2.901,-0.431],[1.069,-5.278],[1.758,-1.64],[-1.354,-0.085]],"c":true}]},{"i":{"x":0.667,"y":1},"o":{"x":0.333,"y":0},"n":"0p667_1_0p333_0","t":57,"s":[{"i":[[0,0],[-0.124,1.115],[-0.718,2.357],[-1.785,0.422],[2.56,-1.35],[0.709,-0.766]],"o":[[-0.156,0.67],[0,0],[0.641,-2.104],[2.272,-0.538],[-0.903,0.476],[-0.902,0.975]],"v":[[-2.59,3.536],[-3.654,3.144],[-2.901,-0.431],[1.069,-5.278],[1.758,-1.64],[-1.354,-0.085]],"c":true}],"e":[{"i":[[0,0],[-0.124,1.115],[-0.718,2.357],[-1.785,0.422],[2.56,-1.35],[0.709,-0.766]],"o":[[-0.156,0.67],[0,0],[0.641,-2.104],[2.272,-0.538],[-0.903,0.476],[-0.902,0.975]],"v":[[-2.098,1.565],[-3.162,1.173],[-2.901,-0.431],[1.069,-5.278],[1.758,-1.64],[-1.354,-0.085]],"c":true}]},{"i":{"x":0.667,"y":1},"o":{"x":0.333,"y":0},"n":"0p667_1_0p333_0","t":62,"s":[{"i":[[0,0],[-0.124,1.115],[-0.718,2.357],[-1.785,0.422],[2.56,-1.35],[0.709,-0.766]],"o":[[-0.156,0.67],[0,0],[0.641,-2.104],[2.272,-0.538],[-0.903,0.476],[-0.902,0.975]],"v":[[-2.098,1.565],[-3.162,1.173],[-2.901,-0.431],[1.069,-5.278],[1.758,-1.64],[-1.354,-0.085]],"c":true}],"e":[{"i":[[0,0],[-0.124,1.115],[-0.718,2.357],[-1.785,0.422],[2.56,-1.35],[0.709,-0.766]],"o":[[-0.156,0.67],[0,0],[0.641,-2.104],[2.272,-0.538],[-0.903,0.476],[-0.902,0.975]],"v":[[-3.13,5.093],[-4.194,4.702],[-2.901,-0.431],[1.069,-5.278],[1.758,-1.64],[-1.354,-0.085]],"c":true}]},{"t":63}],"ix":2},"nm":"路径 1","mn":"ADBE Vector Shape - Group","hd":false},{"ty":"fl","c":{"a":0,"k":[0.603921568627,0.780392156863,0.976470588235,1],"ix":4},"o":{"a":0,"k":100,"ix":5},"r":1,"nm":"填充 1","mn":"ADBE Vector Graphic - Fill","hd":false},{"ty":"tr","p":{"a":0,"k":[4.568,6.067],"ix":2},"a":{"a":0,"k":[0,0],"ix":1},"s":{"a":0,"k":[100,100],"ix":3},"r":{"a":0,"k":0,"ix":6},"o":{"a":0,"k":100,"ix":7},"sk":{"a":0,"k":0,"ix":4},"sa":{"a":0,"k":0,"ix":5},"nm":"变换"}],"nm":"组 1","np":2,"cix":2,"ix":1,"mn":"ADBE Vector Group","hd":false}],"ip":14,"op":68,"st":0,"bm":0},{"ddd":0,"ind":9,"ty":4,"nm":"形状图层 5","td":1,"sr":1,"ks":{"o":{"a":0,"k":100,"ix":11},"r":{"a":0,"k":0,"ix":10},"p":{"a":0,"k":[47,81,0],"ix":2},"a":{"a":0,"k":[-1,33,0],"ix":1},"s":{"a":0,"k":[100,262.069,100],"ix":6}},"ao":0,"shapes":[{"ty":"gr","it":[{"ty":"rc","d":1,"s":{"a":0,"k":[69.766,28.029],"ix":2},"p":{"a":0,"k":[0,0],"ix":3},"r":{"a":0,"k":0,"ix":4},"nm":"矩形路径 1","mn":"ADBE Vector Shape - Rect","hd":false},{"ty":"fl","c":{"a":0,"k":[0.090196078431,0.439215686275,0.717647058824,1],"ix":4},"o":{"a":0,"k":100,"ix":5},"r":1,"nm":"填充 1","mn":"ADBE Vector Graphic - Fill","hd":false},{"ty":"tr","p":{"a":0,"k":[-1.617,18.015],"ix":2},"a":{"a":0,"k":[0,0],"ix":1},"s":{"a":0,"k":[100,100],"ix":3},"r":{"a":0,"k":0,"ix":6},"o":{"a":0,"k":100,"ix":7},"sk":{"a":0,"k":0,"ix":4},"sa":{"a":0,"k":0,"ix":5},"nm":"变换"}],"nm":"矩形 1","np":3,"cix":2,"ix":1,"mn":"ADBE Vector Group","hd":false}],"ip":14,"op":68,"st":0,"bm":0},{"ddd":0,"ind":10,"ty":4,"nm":"“图层 3/蚂蚁头”轮廓","tt":1,"sr":1,"ks":{"o":{"a":0,"k":100,"ix":11},"r":{"a":1,"k":[{"i":{"x":[0.667],"y":[1]},"o":{"x":[0.333],"y":[0]},"n":["0p667_1_0p333_0"],"t":17,"s":[0],"e":[-14]},{"i":{"x":[0.667],"y":[1]},"o":{"x":[0.333],"y":[0]},"n":["0p667_1_0p333_0"],"t":25,"s":[-14],"e":[35]},{"i":{"x":[0.667],"y":[1]},"o":{"x":[0.333],"y":[0]},"n":["0p667_1_0p333_0"],"t":31,"s":[35],"e":[2]},{"i":{"x":[0.667],"y":[1]},"o":{"x":[0.333],"y":[0]},"n":["0p667_1_0p333_0"],"t":36,"s":[2],"e":[25]},{"i":{"x":[0.667],"y":[1]},"o":{"x":[0.333],"y":[0]},"n":["0p667_1_0p333_0"],"t":46,"s":[25],"e":[-7]},{"i":{"x":[0.667],"y":[1]},"o":{"x":[0.333],"y":[0]},"n":["0p667_1_0p333_0"],"t":57,"s":[-7],"e":[-7]},{"t":62}],"ix":10},"p":{"a":1,"k":[{"i":{"x":0.667,"y":0.526},"o":{"x":0.333,"y":0},"n":"0p667_0p526_0p333_0","t":17,"s":[40.25,60,0],"e":[40.25,40.752,0],"to":[0,-2.99219632148743,0],"ti":[0,7.60617303848267,0]},{"i":{"x":0.667,"y":1},"o":{"x":0.333,"y":0.445},"n":"0p667_1_0p333_0p445","t":21,"s":[40.25,40.752,0],"e":[40.25,20.25,0],"to":[0,-7.85768032073975,0],"ti":[0,2.58300495147705,0]},{"i":{"x":0.667,"y":1},"o":{"x":0.333,"y":0},"n":"0p667_1_0p333_0","t":25,"s":[40.25,20.25,0],"e":[40.25,29,0],"to":[0,-5.08333349227905,0],"ti":[0,-1.16666662693024,0]},{"i":{"x":0.667,"y":1},"o":{"x":0.333,"y":0},"n":"0p667_1_0p333_0","t":31,"s":[40.25,29,0],"e":[40.25,27.25,0],"to":[0,1.16666662693024,0],"ti":[0.08333333581686,1.04166662693024,0]},{"i":{"x":0.667,"y":1},"o":{"x":0.356,"y":0},"n":"0p667_1_0p356_0","t":36,"s":[40.25,27.25,0],"e":[39.75,29.5,0],"to":[-0.05967980995774,-0.74599760770798,0],"ti":[0.08333333581686,-0.20833332836628,0]},{"i":{"x":0.667,"y":1},"o":{"x":0.333,"y":0},"n":"0p667_1_0p333_0","t":46,"s":[39.75,29.5,0],"e":[39.75,28.5,0],"to":[-0.08333333581686,0.20833332836628,0],"ti":[0,0.66666668653488,0]},{"i":{"x":0.58,"y":1},"o":{"x":0.333,"y":0},"n":"0p58_1_0p333_0","t":57,"s":[39.75,28.5,0],"e":[39.75,25.5,0],"to":[0,-0.66666668653488,0],"ti":[0,-11.0833330154419,0]},{"i":{"x":0.58,"y":1},"o":{"x":0,"y":0},"n":"0p58_1_0_0","t":62,"s":[39.75,25.5,0],"e":[39.75,95,0],"to":[0,11.0833330154419,0],"ti":[0,-11.5833330154419,0]},{"t":69}],"ix":2},"a":{"a":0,"k":[3.5,14.75,0],"ix":1},"s":{"a":1,"k":[{"i":{"x":[0.667,0.667,0.667],"y":[1,1,1]},"o":{"x":[0.333,0.333,0.333],"y":[0,0,0]},"n":["0p667_1_0p333_0","0p667_1_0p333_0","0p667_1_0p333_0"],"t":21,"s":[100,100,100],"e":[100,72,100]},{"i":{"x":[0.667,0.667,0.667],"y":[1,1,1]},"o":{"x":[0.333,0.333,0.333],"y":[0,0,0]},"n":["0p667_1_0p333_0","0p667_1_0p333_0","0p667_1_0p333_0"],"t":25,"s":[100,72,100],"e":[100,100,100]},{"t":31}],"ix":6}},"ao":0,"shapes":[{"ty":"gr","it":[{"ind":0,"ty":"sh","ix":1,"ks":{"a":1,"k":[{"i":{"x":0.833,"y":0.833},"o":{"x":0.167,"y":0.167},"n":"0p833_0p833_0p167_0p167","t":39,"s":[{"i":[[0,0],[0.415,1.043],[0.474,2.419],[-1.377,1.211],[1.626,-2.394],[0.266,-1.009]],"o":[[0.177,0.665],[0,0],[-0.422,-2.159],[1.753,-1.543],[-0.574,0.845],[-0.338,1.285]],"v":[[0.019,6.003],[-1.105,6.156],[-2.375,0.487],[-1.147,-5.657],[1.17,-2.77],[-0.846,0.066]],"c":true}],"e":[{"i":[[0,0],[0.415,1.043],[0.474,2.419],[-1.377,1.211],[1.626,-2.394],[0.266,-1.009]],"o":[[0.177,0.665],[0,0],[-0.422,-2.159],[1.753,-1.543],[-0.574,0.845],[-0.338,1.285]],"v":[[-0.579,4.575],[-1.703,4.728],[-2.375,0.487],[-1.147,-5.657],[1.17,-2.77],[-0.846,0.066]],"c":true}]},{"i":{"x":0.833,"y":0.833},"o":{"x":0.167,"y":0.167},"n":"0p833_0p833_0p167_0p167","t":46,"s":[{"i":[[0,0],[0.415,1.043],[0.474,2.419],[-1.377,1.211],[1.626,-2.394],[0.266,-1.009]],"o":[[0.177,0.665],[0,0],[-0.422,-2.159],[1.753,-1.543],[-0.574,0.845],[-0.338,1.285]],"v":[[-0.579,4.575],[-1.703,4.728],[-2.375,0.487],[-1.147,-5.657],[1.17,-2.77],[-0.846,0.066]],"c":true}],"e":[{"i":[[0,0],[0.415,1.043],[0.474,2.419],[-1.377,1.211],[1.626,-2.394],[0.266,-1.009]],"o":[[0.177,0.665],[0,0],[-0.422,-2.159],[1.753,-1.543],[-0.574,0.845],[-0.338,1.285]],"v":[[0.019,6.003],[-1.105,6.156],[-2.375,0.487],[-1.147,-5.657],[1.17,-2.77],[-0.846,0.066]],"c":true}]},{"i":{"x":0.833,"y":0.833},"o":{"x":0.167,"y":0.167},"n":"0p833_0p833_0p167_0p167","t":56,"s":[{"i":[[0,0],[0.415,1.043],[0.474,2.419],[-1.377,1.211],[1.626,-2.394],[0.266,-1.009]],"o":[[0.177,0.665],[0,0],[-0.422,-2.159],[1.753,-1.543],[-0.574,0.845],[-0.338,1.285]],"v":[[0.019,6.003],[-1.105,6.156],[-2.375,0.487],[-1.147,-5.657],[1.17,-2.77],[-0.846,0.066]],"c":true}],"e":[{"i":[[0,0],[0.415,1.043],[0.474,2.419],[-1.377,1.211],[1.626,-2.394],[0.266,-1.009]],"o":[[0.177,0.665],[0,0],[-0.422,-2.159],[1.753,-1.543],[-0.574,0.845],[-0.338,1.285]],"v":[[-0.579,4.575],[-1.703,4.728],[-2.375,0.487],[-1.147,-5.657],[1.17,-2.77],[-0.846,0.066]],"c":true}]},{"t":61}],"ix":2},"nm":"路径 1","mn":"ADBE Vector Shape - Group","hd":false},{"ty":"fl","c":{"a":0,"k":[0.603921568627,0.780392156863,0.976470588235,1],"ix":4},"o":{"a":0,"k":100,"ix":5},"r":1,"nm":"填充 1","mn":"ADBE Vector Graphic - Fill","hd":false},{"ty":"tr","p":{"a":0,"k":[3.047,7.45],"ix":2},"a":{"a":0,"k":[0,0],"ix":1},"s":{"a":0,"k":[100,100],"ix":3},"r":{"a":0,"k":0,"ix":6},"o":{"a":0,"k":100,"ix":7},"sk":{"a":0,"k":0,"ix":4},"sa":{"a":0,"k":0,"ix":5},"nm":"变换"}],"nm":"组 1","np":2,"cix":2,"ix":1,"mn":"ADBE Vector Group","hd":false},{"ty":"gr","it":[{"ind":0,"ty":"sh","ix":1,"ks":{"a":0,"k":{"i":[[0,0],[0.415,1.043],[0.474,2.419],[-1.377,1.211],[1.626,-2.394],[0.266,-1.009]],"o":[[0.177,0.665],[0,0],[-0.422,-2.159],[1.753,-1.543],[-0.574,0.845],[-0.338,1.285]],"v":[[2.468,12.025],[1.344,12.178],[0.672,7.937],[1.9,1.793],[4.217,4.68],[2.201,7.516]],"c":true},"ix":2},"nm":"路径 1","mn":"ADBE Vector Shape - Group","hd":false},{"ty":"tr","p":{"a":0,"k":[0,0],"ix":2},"a":{"a":0,"k":[0,0],"ix":1},"s":{"a":0,"k":[100,100],"ix":3},"r":{"a":0,"k":0,"ix":6},"o":{"a":0,"k":100,"ix":7},"sk":{"a":0,"k":0,"ix":4},"sa":{"a":0,"k":0,"ix":5},"nm":"变换"}],"nm":"组 2","np":1,"cix":2,"ix":2,"mn":"ADBE Vector Group","hd":false}],"ip":14,"op":68,"st":0,"bm":0},{"ddd":0,"ind":12,"ty":4,"nm":"形状图层 7","td":1,"sr":1,"ks":{"o":{"a":0,"k":100,"ix":11},"r":{"a":0,"k":0,"ix":10},"p":{"a":0,"k":[47,81,0],"ix":2},"a":{"a":0,"k":[-1,33,0],"ix":1},"s":{"a":0,"k":[100,232.759,100],"ix":6}},"ao":0,"shapes":[{"ty":"gr","it":[{"ty":"rc","d":1,"s":{"a":0,"k":[69.766,28.029],"ix":2},"p":{"a":0,"k":[0,0],"ix":3},"r":{"a":0,"k":0,"ix":4},"nm":"矩形路径 1","mn":"ADBE Vector Shape - Rect","hd":false},{"ty":"fl","c":{"a":0,"k":[0.090196078431,0.439215686275,0.717647058824,1],"ix":4},"o":{"a":0,"k":100,"ix":5},"r":1,"nm":"填充 1","mn":"ADBE Vector Graphic - Fill","hd":false},{"ty":"tr","p":{"a":0,"k":[-1.617,18.015],"ix":2},"a":{"a":0,"k":[0,0],"ix":1},"s":{"a":0,"k":[100,100],"ix":3},"r":{"a":0,"k":0,"ix":6},"o":{"a":0,"k":100,"ix":7},"sk":{"a":0,"k":0,"ix":4},"sa":{"a":0,"k":0,"ix":5},"nm":"变换"}],"nm":"矩形 1","np":3,"cix":2,"ix":1,"mn":"ADBE Vector Group","hd":false}],"ip":14,"op":68,"st":0,"bm":0},{"ddd":0,"ind":13,"ty":4,"nm":"Page 2","tt":1,"sr":1,"ks":{"o":{"a":0,"k":100,"ix":11},"r":{"a":0,"k":0,"ix":10},"p":{"a":1,"k":[{"i":{"x":0.58,"y":1},"o":{"x":0,"y":0},"n":"0p58_1_0_0","t":62,"s":[47.5,36.1,0],"e":[47.5,109.5,0],"to":[0,12.2333335876465,0],"ti":[0,-12.2333335876465,0]},{"t":68}],"ix":2},"a":{"a":0,"k":[0,0,0],"ix":1},"s":{"a":0,"k":[30,31,100],"ix":6}},"ao":0,"shapes":[{"ty":"gr","it":[{"ind":0,"ty":"sh","ix":1,"ks":{"a":0,"k":{"i":[[0,0],[0,16.174],[-16.221,0],[0,-16.174],[16.221,0]],"o":[[-16.221,0],[0,-16.174],[16.221,0],[0,16.174],[0,0]],"v":[[10.857,36.931],[-17.889,5.921],[10.857,-25.895],[40.229,5.921],[10.857,36.931]],"c":false},"ix":2},"nm":"Path","mn":"ADBE Vector Shape - Group","hd":false},{"ind":1,"ty":"sh","ix":2,"ks":{"a":0,"k":{"i":[[0,0],[0,0],[1.22,-1.272],[5.441,-2.65],[-0.72,-28.724],[-32.774,-0.231],[0,33.737],[26.346,12.526]],"o":[[-6.246,-2.97],[-1.275,-1.216],[0,0],[-28.381,13.822],[0.819,32.669],[33.891,0.24],[0,-28.834],[0,0]],"v":[[14.372,-56.217],[1.486,-64.657],[-3.031,-64.557],[-15.571,-55.659],[-61.34,9.622],[0.059,66.111],[62.362,8.064],[14.372,-56.217]],"c":false},"ix":2},"nm":"Path","mn":"ADBE Vector Shape - Group","hd":false},{"ty":"fl","c":{"a":0,"k":[0.603921568627,0.780392156863,0.976470588235,1],"ix":4},"o":{"a":0,"k":100,"ix":5},"r":2,"nm":"填充 1","mn":"ADBE Vector Graphic - Fill","hd":false},{"ty":"tr","p":{"a":0,"k":[0.5,2],"ix":2},"a":{"a":0,"k":[0.5,2],"ix":1},"s":{"a":0,"k":[100,100],"ix":3},"r":{"a":0,"k":0,"ix":6},"o":{"a":0,"k":100,"ix":7},"sk":{"a":0,"k":0,"ix":4},"sa":{"a":0,"k":0,"ix":5},"nm":"变换"}],"nm":"组 1","np":3,"cix":2,"ix":1,"mn":"ADBE Vector Group","hd":false}],"ip":62,"op":68,"st":60,"bm":0},{"ddd":0,"ind":15,"ty":4,"nm":"形状图层 3","td":1,"sr":1,"ks":{"o":{"a":0,"k":100,"ix":11},"r":{"a":0,"k":0,"ix":10},"p":{"a":0,"k":[48,48,0],"ix":2},"a":{"a":0,"k":[0,0,0],"ix":1},"s":{"a":0,"k":[100,100,100],"ix":6}},"ao":0,"shapes":[{"ty":"gr","it":[{"ty":"rc","d":1,"s":{"a":0,"k":[91.271,80.008],"ix":2},"p":{"a":0,"k":[0,0],"ix":3},"r":{"a":0,"k":0,"ix":4},"nm":"矩形路径 1","mn":"ADBE Vector Shape - Rect","hd":false},{"ty":"fl","c":{"a":0,"k":[0.090196078431,0.439215686275,0.717647058824,1],"ix":4},"o":{"a":0,"k":100,"ix":5},"r":1,"nm":"填充 1","mn":"ADBE Vector Graphic - Fill","hd":false},{"ty":"tr","p":{"a":0,"k":[-0.364,-8.496],"ix":2},"a":{"a":0,"k":[0,0],"ix":1},"s":{"a":0,"k":[100,100],"ix":3},"r":{"a":0,"k":0,"ix":6},"o":{"a":0,"k":100,"ix":7},"sk":{"a":0,"k":0,"ix":4},"sa":{"a":0,"k":0,"ix":5},"nm":"变换"}],"nm":"矩形 1","np":3,"cix":2,"ix":1,"mn":"ADBE Vector Group","hd":false}],"ip":14,"op":68,"st":0,"bm":0},{"ddd":0,"ind":16,"ty":4,"nm":"Page 1","tt":1,"sr":1,"ks":{"o":{"a":0,"k":100,"ix":11},"r":{"a":0,"k":0,"ix":10},"p":{"a":1,"k":[{"i":{"x":0.667,"y":1},"o":{"x":0.333,"y":0},"n":"0p667_1_0p333_0","t":17,"s":[47.5,73.5,0],"e":[47.5,34,0],"to":[0,-6.58333349227905,0],"ti":[0,5.33333349227905,0]},{"i":{"x":0.667,"y":1},"o":{"x":0.333,"y":0},"n":"0p667_1_0p333_0","t":25,"s":[47.5,34,0],"e":[47.5,41.5,0],"to":[0,-5.33333349227905,0],"ti":[0,-1.14999997615814,0]},{"i":{"x":0.667,"y":1},"o":{"x":0.333,"y":0},"n":"0p667_1_0p333_0","t":31,"s":[47.5,41.5,0],"e":[47.5,40.9,0],"to":[0,1.14999997615814,0],"ti":[0,0.10000000149012,0]},{"i":{"x":0.667,"y":0.667},"o":{"x":0.333,"y":0.333},"n":"0p667_0p667_0p333_0p333","t":36,"s":[47.5,40.9,0],"e":[47.5,40.9,0],"to":[0,0,0],"ti":[0,0,0]},{"i":{"x":0.667,"y":0.667},"o":{"x":0.333,"y":0.333},"n":"0p667_0p667_0p333_0p333","t":46,"s":[47.5,40.9,0],"e":[47.5,40.9,0],"to":[0,0,0],"ti":[0,0,0]},{"i":{"x":0.667,"y":1},"o":{"x":0.333,"y":0},"n":"0p667_1_0p333_0","t":57,"s":[47.5,40.9,0],"e":[47.5,36.15,0],"to":[0,-0.79166668653488,0],"ti":[0,0.79166668653488,0]},{"t":61}],"ix":2},"a":{"a":0,"k":[0,0,0],"ix":1},"s":{"a":1,"k":[{"i":{"x":[0.667,0.667,0.667],"y":[1,1,1]},"o":{"x":[0.333,0.333,0.333],"y":[0,0,0]},"n":["0p667_1_0p333_0","0p667_1_0p333_0","0p667_1_0p333_0"],"t":17,"s":[31,31,100],"e":[27,31,100]},{"i":{"x":[0.667,0.667,0.667],"y":[1,1,1]},"o":{"x":[0.333,0.333,0.333],"y":[0,0,0]},"n":["0p667_1_0p333_0","0p667_1_0p333_0","0p667_1_0p333_0"],"t":25,"s":[27,31,100],"e":[29,28,100]},{"i":{"x":[0.667,0.667,0.667],"y":[1,1,1]},"o":{"x":[0.333,0.333,0.333],"y":[0,0,0]},"n":["0p667_1_0p333_0","0p667_1_0p333_0","0p667_1_0p333_0"],"t":31,"s":[29,28,100],"e":[30,29,100]},{"i":{"x":[0.667,0.667,0.667],"y":[1,1,1]},"o":{"x":[0.333,0.333,0.333],"y":[0,0,0]},"n":["0p667_1_0p333_0","0p667_1_0p333_0","0p667_1_0p333_0"],"t":36,"s":[30,29,100],"e":[30,29,100]},{"i":{"x":[0.667,0.667,0.667],"y":[1,1,1]},"o":{"x":[0.333,0.333,0.333],"y":[0,0,0]},"n":["0p667_1_0p333_0","0p667_1_0p333_0","0p667_1_0p333_0"],"t":46,"s":[30,29,100],"e":[30,29,100]},{"i":{"x":[0.702,0.702,0.702],"y":[1,0.764,1]},"o":{"x":[0.3,0.3,0.3],"y":[0,0,0]},"n":["0p702_1_0p3_0","0p702_0p764_0p3_0","0p702_1_0p3_0"],"t":57,"s":[30,29,100],"e":[30,31.506,100]},{"i":{"x":[0.784,0.784,0.784],"y":[1,1,1]},"o":{"x":[0.428,0.428,0.428],"y":[0,-0.561,0]},"n":["0p784_1_0p428_0","0p784_1_0p428_-0p561","0p784_1_0p428_0"],"t":60,"s":[30,31.506,100],"e":[30,31,100]},{"t":61}],"ix":6}},"ao":0,"shapes":[{"ty":"gr","it":[{"ind":0,"ty":"sh","ix":1,"ks":{"a":1,"k":[{"i":{"x":0.667,"y":1},"o":{"x":0.333,"y":0},"n":"0p667_1_0p333_0","t":17,"s":[{"i":[[0,0],[0,16.174],[-16.221,0],[0,-16.174],[16.221,0]],"o":[[-16.221,0],[0,-16.174],[16.221,0],[0,16.174],[0,0]],"v":[[0.635,34.967],[-28.737,5.681],[0.635,-23.604],[30.006,5.681],[0.635,34.967]],"c":false}],"e":[{"i":[[0,0],[0,16.174],[-16.221,0],[0,-16.174],[16.221,0]],"o":[[-16.221,0],[0,-16.174],[16.221,0],[0,16.174],[0,0]],"v":[[0.635,24.685],[-28.737,-4.601],[0.635,-34.693],[30.006,-4.601],[0.635,24.685]],"c":false}]},{"i":{"x":0.667,"y":1},"o":{"x":0.333,"y":0},"n":"0p667_1_0p333_0","t":25,"s":[{"i":[[0,0],[0,16.174],[-16.221,0],[0,-16.174],[16.221,0]],"o":[[-16.221,0],[0,-16.174],[16.221,0],[0,16.174],[0,0]],"v":[[0.635,24.685],[-28.737,-4.601],[0.635,-34.693],[30.006,-4.601],[0.635,24.685]],"c":false}],"e":[{"i":[[0,0],[0,16.174],[-16.221,0],[0,-16.174],[16.221,0]],"o":[[-16.221,0],[0,-16.174],[16.221,0],[0,16.174],[0,0]],"v":[[1.066,39.863],[-28.306,10.577],[1.066,-19.514],[30.437,10.577],[1.066,39.863]],"c":false}]},{"i":{"x":0.667,"y":1},"o":{"x":0.333,"y":0},"n":"0p667_1_0p333_0","t":31,"s":[{"i":[[0,0],[0,16.174],[-16.221,0],[0,-16.174],[16.221,0]],"o":[[-16.221,0],[0,-16.174],[16.221,0],[0,16.174],[0,0]],"v":[[1.066,39.863],[-28.306,10.577],[1.066,-19.514],[30.437,10.577],[1.066,39.863]],"c":false}],"e":[{"i":[[0,0],[0,16.174],[-16.221,0],[0,-16.174],[16.221,0]],"o":[[-16.221,0],[0,-16.174],[16.221,0],[0,16.174],[0,0]],"v":[[1.066,32.419],[-28.306,3.133],[1.066,-26.959],[30.437,3.133],[1.066,32.419]],"c":false}]},{"i":{"x":0.833,"y":1},"o":{"x":0.333,"y":0},"n":"0p833_1_0p333_0","t":34,"s":[{"i":[[0,0],[0,16.174],[-16.221,0],[0,-16.174],[16.221,0]],"o":[[-16.221,0],[0,-16.174],[16.221,0],[0,16.174],[0,0]],"v":[[1.066,32.419],[-28.306,3.133],[1.066,-26.959],[30.437,3.133],[1.066,32.419]],"c":false}],"e":[{"i":[[0,0],[0,16.174],[-16.221,0],[0,-16.174],[16.221,0]],"o":[[-16.221,0],[0,-16.174],[16.221,0],[0,16.174],[0,0]],"v":[[-9.976,28.755],[-39.347,-0.531],[-9.976,-30.622],[18.77,-0.531],[-9.976,28.755]],"c":false}]},{"i":{"x":0.833,"y":1},"o":{"x":0.167,"y":0},"n":"0p833_1_0p167_0","t":46,"s":[{"i":[[0,0],[0,16.174],[-16.221,0],[0,-16.174],[16.221,0]],"o":[[-16.221,0],[0,-16.174],[16.221,0],[0,16.174],[0,0]],"v":[[-9.976,28.755],[-39.347,-0.531],[-9.976,-30.622],[18.77,-0.531],[-9.976,28.755]],"c":false}],"e":[{"i":[[0,0],[0,16.174],[-16.221,0],[0,-16.174],[16.221,0]],"o":[[-16.221,0],[0,-16.174],[16.221,0],[0,16.174],[0,0]],"v":[[10.857,30.48],[-17.889,-0.531],[10.857,-32.347],[40.229,-0.531],[10.857,30.48]],"c":false}]},{"i":{"x":0.833,"y":0.833},"o":{"x":0.167,"y":0},"n":"0p833_0p833_0p167_0","t":57,"s":[{"i":[[0,0],[0,16.174],[-16.221,0],[0,-16.174],[16.221,0]],"o":[[-16.221,0],[0,-16.174],[16.221,0],[0,16.174],[0,0]],"v":[[10.857,30.48],[-17.889,-0.531],[10.857,-32.347],[40.229,-0.531],[10.857,30.48]],"c":false}],"e":[{"i":[[0,0],[0,16.174],[-16.221,0],[0,-16.174],[16.221,0]],"o":[[-16.221,0],[0,-16.174],[16.221,0],[0,16.174],[0,0]],"v":[[10.857,24.122],[-17.889,-6.888],[10.857,-38.704],[40.229,-6.888],[10.857,24.122]],"c":false}]},{"i":{"x":0.833,"y":1},"o":{"x":0.167,"y":0.167},"n":"0p833_1_0p167_0p167","t":60,"s":[{"i":[[0,0],[0,16.174],[-16.221,0],[0,-16.174],[16.221,0]],"o":[[-16.221,0],[0,-16.174],[16.221,0],[0,16.174],[0,0]],"v":[[10.857,24.122],[-17.889,-6.888],[10.857,-38.704],[40.229,-6.888],[10.857,24.122]],"c":false}],"e":[{"i":[[0,0],[0,16.174],[-16.221,0],[0,-16.174],[16.221,0]],"o":[[-16.221,0],[0,-16.174],[16.221,0],[0,16.174],[0,0]],"v":[[10.857,36.931],[-17.889,5.921],[10.857,-25.895],[40.229,5.921],[10.857,36.931]],"c":false}]},{"t":61}],"ix":2},"nm":"Path","mn":"ADBE Vector Shape - Group","hd":false},{"ind":1,"ty":"sh","ix":2,"ks":{"a":1,"k":[{"i":{"x":0.667,"y":1},"o":{"x":0.333,"y":0},"n":"0p667_1_0p333_0","t":17,"s":[{"i":[[0,0],[0,0],[1.22,-1.272],[5.441,-2.65],[-0.72,-28.724],[-32.774,-0.231],[0,33.737],[26.346,12.526]],"o":[[-6.246,-2.97],[-1.275,-1.216],[0,0],[-28.381,13.822],[0.819,32.669],[33.891,0.24],[0,-28.834],[0,0]],"v":[[14.372,-51.177],[1.486,-59.616],[-3.031,-59.516],[-15.571,-50.619],[-60.478,9.622],[0.059,64.498],[61.5,8.064],[14.372,-51.177]],"c":false}],"e":[{"i":[[0,0],[0,0],[1.22,-1.272],[5.441,-2.65],[-0.72,-28.724],[-32.774,-0.231],[0,33.737],[26.346,12.526]],"o":[[-6.246,-2.97],[-1.275,-1.216],[0,0],[-28.381,13.822],[0.819,32.669],[33.891,0.24],[0,-28.834],[0,0]],"v":[[14.372,-56.217],[1.486,-64.657],[-3.031,-64.557],[-15.571,-55.659],[-60.478,9.622],[0.059,66.111],[61.5,8.064],[14.372,-56.217]],"c":false}]},{"i":{"x":0.667,"y":1},"o":{"x":0.333,"y":0},"n":"0p667_1_0p333_0","t":25,"s":[{"i":[[0,0],[0,0],[1.22,-1.272],[5.441,-2.65],[-0.72,-28.724],[-32.774,-0.231],[0,33.737],[26.346,12.526]],"o":[[-6.246,-2.97],[-1.275,-1.216],[0,0],[-28.381,13.822],[0.819,32.669],[33.891,0.24],[0,-28.834],[0,0]],"v":[[14.372,-56.217],[1.486,-64.657],[-3.031,-64.557],[-15.571,-55.659],[-60.478,9.622],[0.059,66.111],[61.5,8.064],[14.372,-56.217]],"c":false}],"e":[{"i":[[0,0],[0,0],[1.22,-1.272],[5.441,-2.65],[-0.72,-28.724],[-32.774,-0.231],[0,33.737],[26.346,12.526]],"o":[[-6.246,-2.97],[-1.275,-1.216],[0,0],[-28.381,13.822],[0.819,32.669],[33.891,0.24],[0,-28.834],[0,0]],"v":[[14.372,-56.217],[1.486,-64.657],[-3.031,-64.557],[-15.571,-55.659],[-61.34,9.622],[0.059,66.111],[62.362,8.064],[14.372,-56.217]],"c":false}]},{"i":{"x":0.667,"y":1},"o":{"x":0.333,"y":0},"n":"0p667_1_0p333_0","t":31,"s":[{"i":[[0,0],[0,0],[1.22,-1.272],[5.441,-2.65],[-0.72,-28.724],[-32.774,-0.231],[0,33.737],[26.346,12.526]],"o":[[-6.246,-2.97],[-1.275,-1.216],[0,0],[-28.381,13.822],[0.819,32.669],[33.891,0.24],[0,-28.834],[0,0]],"v":[[14.372,-56.217],[1.486,-64.657],[-3.031,-64.557],[-15.571,-55.659],[-61.34,9.622],[0.059,66.111],[62.362,8.064],[14.372,-56.217]],"c":false}],"e":[{"i":[[0,0],[0,0],[1.22,-1.272],[5.441,-2.65],[-0.72,-28.724],[-32.774,-0.231],[0,33.737],[26.346,12.526]],"o":[[-6.246,-2.97],[-1.275,-1.216],[0,0],[-28.381,13.822],[0.819,32.669],[33.891,0.24],[0,-28.834],[0,0]],"v":[[14.372,-56.217],[1.486,-64.657],[-3.031,-64.557],[-15.571,-55.659],[-61.34,9.622],[0.059,66.111],[62.362,8.064],[14.372,-56.217]],"c":false}]},{"i":{"x":0.833,"y":1},"o":{"x":0.333,"y":0},"n":"0p833_1_0p333_0","t":36,"s":[{"i":[[0,0],[0,0],[1.22,-1.272],[5.441,-2.65],[-0.72,-28.724],[-32.774,-0.231],[0,33.737],[26.346,12.526]],"o":[[-6.246,-2.97],[-1.275,-1.216],[0,0],[-28.381,13.822],[0.819,32.669],[33.891,0.24],[0,-28.834],[0,0]],"v":[[14.372,-56.217],[1.486,-64.657],[-3.031,-64.557],[-15.571,-55.659],[-61.34,9.622],[0.059,66.111],[62.362,8.064],[14.372,-56.217]],"c":false}],"e":[{"i":[[0,0],[0,0],[1.22,-1.272],[5.441,-2.65],[-0.72,-28.724],[-32.774,-0.231],[0,33.737],[26.346,12.526]],"o":[[-6.246,-2.97],[-1.275,-1.216],[0,0],[-28.381,13.822],[0.819,32.669],[33.891,0.24],[0,-28.834],[0,0]],"v":[[14.372,-56.217],[1.486,-64.657],[-3.031,-64.557],[-15.571,-55.659],[-61.34,9.622],[0.059,66.111],[62.362,8.064],[14.372,-56.217]],"c":false}]},{"t":61}],"ix":2},"nm":"Path","mn":"ADBE Vector Shape - Group","hd":false},{"ty":"fl","c":{"a":0,"k":[0.603921568627,0.780392156863,0.976470588235,1],"ix":4},"o":{"a":0,"k":100,"ix":5},"r":2,"nm":"填充 1","mn":"ADBE Vector Graphic - Fill","hd":false},{"ty":"tr","p":{"a":0,"k":[0.5,2],"ix":2},"a":{"a":0,"k":[0.5,2],"ix":1},"s":{"a":0,"k":[100,100],"ix":3},"r":{"a":0,"k":0,"ix":6},"o":{"a":0,"k":100,"ix":7},"sk":{"a":0,"k":0,"ix":4},"sa":{"a":0,"k":0,"ix":5},"nm":"变换"}],"nm":"组 1","np":3,"cix":2,"ix":1,"mn":"ADBE Vector Group","hd":false}],"ip":14,"op":62,"st":14,"bm":0},{"ddd":0,"ind":17,"ty":4,"nm":"形状图层 2","td":1,"sr":1,"ks":{"o":{"a":0,"k":100,"ix":11},"r":{"a":0,"k":0,"ix":10},"p":{"a":0,"k":[48,48,0],"ix":2},"a":{"a":0,"k":[0,0,0],"ix":1},"s":{"a":0,"k":[100,100,100],"ix":6}},"ao":0,"shapes":[{"ty":"gr","it":[{"ty":"rc","d":1,"s":{"a":0,"k":[91.271,80.008],"ix":2},"p":{"a":0,"k":[0,0],"ix":3},"r":{"a":0,"k":0,"ix":4},"nm":"矩形路径 1","mn":"ADBE Vector Shape - Rect","hd":false},{"ty":"fl","c":{"a":0,"k":[0.090196078431,0.439215686275,0.717647058824,1],"ix":4},"o":{"a":0,"k":100,"ix":5},"r":1,"nm":"填充 1","mn":"ADBE Vector Graphic - Fill","hd":false},{"ty":"tr","p":{"a":0,"k":[-0.364,-8.496],"ix":2},"a":{"a":0,"k":[0,0],"ix":1},"s":{"a":0,"k":[100,100],"ix":3},"r":{"a":0,"k":0,"ix":6},"o":{"a":0,"k":100,"ix":7},"sk":{"a":0,"k":0,"ix":4},"sa":{"a":0,"k":0,"ix":5},"nm":"变换"}],"nm":"矩形 1","np":3,"cix":2,"ix":1,"mn":"ADBE Vector Group","hd":false}],"ip":0,"op":68,"st":0,"bm":0},{"ddd":0,"ind":18,"ty":0,"nm":"预合成 4","tt":1,"refId":"comp_0","sr":1,"ks":{"o":{"a":0,"k":100,"ix":11},"r":{"a":0,"k":0,"ix":10},"p":{"a":1,"k":[{"i":{"x":0.667,"y":1},"o":{"x":0.333,"y":0},"n":"0p667_1_0p333_0","t":5,"s":[48,100.5,0],"e":[48,68,0],"to":[0,-5.41666650772095,0],"ti":[0,5.41666650772095,0]},{"t":13}],"ix":2},"a":{"a":0,"k":[48,48,0],"ix":1},"s":{"a":0,"k":[100,100,100],"ix":6}},"ao":0,"w":96,"h":96,"ip":0,"op":14,"st":0,"bm":0},{"ddd":0,"ind":19,"ty":4,"nm":"形状图层 1","sr":1,"ks":{"o":{"a":0,"k":100,"ix":11},"r":{"a":0,"k":0,"ix":10},"p":{"a":0,"k":[48,48,0],"ix":2},"a":{"a":0,"k":[0,0,0],"ix":1},"s":{"a":0,"k":[100,100,100],"ix":6}},"ao":0,"shapes":[{"ty":"gr","it":[{"d":1,"ty":"el","s":{"a":1,"k":[{"i":{"x":[0.667,0.667],"y":[1,1]},"o":{"x":[0.333,0.333],"y":[0,0]},"n":["0p667_1_0p333_0","0p667_1_0p333_0"],"t":0,"s":[0,3.453],"e":[49.579,3.453]},{"i":{"x":[0.649,0.649],"y":[1,1]},"o":{"x":[0.302,0.302],"y":[0,0]},"n":["0p649_1_0p302_0","0p649_1_0p302_0"],"t":13,"s":[49.579,3.453],"e":[49.579,3.453]},{"i":{"x":[0.825,0.825],"y":[1,1]},"o":{"x":[0.407,0.407],"y":[0,0]},"n":["0p825_1_0p407_0","0p825_1_0p407_0"],"t":17,"s":[49.579,3.453],"e":[14.579,3.453]},{"i":{"x":[0.833,0.833],"y":[1,1]},"o":{"x":[0.167,0.167],"y":[0,0]},"n":["0p833_1_0p167_0","0p833_1_0p167_0"],"t":25,"s":[14.579,3.453],"e":[21.579,3.453]},{"i":{"x":[0.833,0.833],"y":[1,1]},"o":{"x":[0.167,0.167],"y":[0,0]},"n":["0p833_1_0p167_0","0p833_1_0p167_0"],"t":31,"s":[21.579,3.453],"e":[21.579,3.453]},{"i":{"x":[0.649,0.649],"y":[1,1]},"o":{"x":[0.167,0.167],"y":[0,0]},"n":["0p649_1_0p167_0","0p649_1_0p167_0"],"t":63,"s":[21.579,3.453],"e":[49.579,3.453]},{"i":{"x":[0.667,0.667],"y":[1,1]},"o":{"x":[0.167,0.167],"y":[0,0]},"n":["0p667_1_0p167_0","0p667_1_0p167_0"],"t":68,"s":[49.579,3.453],"e":[0,3.453]},{"t":76}],"ix":2},"p":{"a":0,"k":[0,0],"ix":3},"nm":"椭圆路径 1","mn":"ADBE Vector Shape - Ellipse","hd":false},{"ty":"fl","c":{"a":0,"k":[0.835294117647,0.835294117647,0.835294117647,1],"ix":4},"o":{"a":0,"k":100,"ix":5},"r":1,"nm":"填充 1","mn":"ADBE Vector Graphic - Fill","hd":false},{"ty":"tr","p":{"a":0,"k":[0.04,30.727],"ix":2},"a":{"a":0,"k":[0,0],"ix":1},"s":{"a":0,"k":[100,100],"ix":3},"r":{"a":0,"k":0,"ix":6},"o":{"a":0,"k":100,"ix":7},"sk":{"a":0,"k":0,"ix":4},"sa":{"a":0,"k":0,"ix":5},"nm":"变换"}],"nm":"椭圆 1","np":3,"cix":2,"ix":1,"mn":"ADBE Vector Group","hd":false}],"ip":0,"op":68,"st":0,"bm":0},{"ddd":0,"ind":20,"ty":4,"nm":"形状图层 20","td":1,"sr":1,"ks":{"o":{"a":0,"k":100,"ix":11},"r":{"a":0,"k":0,"ix":10},"p":{"a":0,"k":[47,81,0],"ix":2},"a":{"a":0,"k":[-1,33,0],"ix":1},"s":{"a":0,"k":[100,253.448,100],"ix":6}},"ao":0,"shapes":[{"ty":"gr","it":[{"ty":"rc","d":1,"s":{"a":0,"k":[69.766,28.029],"ix":2},"p":{"a":0,"k":[0,0],"ix":3},"r":{"a":0,"k":0,"ix":4},"nm":"矩形路径 1","mn":"ADBE Vector Shape - Rect","hd":false},{"ty":"fl","c":{"a":0,"k":[0.090196078431,0.439215686275,0.717647058824,1],"ix":4},"o":{"a":0,"k":100,"ix":5},"r":1,"nm":"填充 1","mn":"ADBE Vector Graphic - Fill","hd":false},{"ty":"tr","p":{"a":0,"k":[-1.617,18.015],"ix":2},"a":{"a":0,"k":[0,0],"ix":1},"s":{"a":0,"k":[100,100],"ix":3},"r":{"a":0,"k":0,"ix":6},"o":{"a":0,"k":100,"ix":7},"sk":{"a":0,"k":0,"ix":4},"sa":{"a":0,"k":0,"ix":5},"nm":"变换"}],"nm":"矩形 1","np":3,"cix":2,"ix":1,"mn":"ADBE Vector Group","hd":false}],"ip":14,"op":68,"st":0,"bm":0},{"ddd":0,"ind":21,"ty":4,"nm":"形状图层 19","tt":1,"sr":1,"ks":{"o":{"a":0,"k":100,"ix":11},"r":{"a":0,"k":0,"ix":10},"p":{"a":1,"k":[{"i":{"x":0.667,"y":1},"o":{"x":0.333,"y":0},"n":"0p667_1_0p333_0","t":11,"s":[47.875,80.125,0],"e":[47.875,75.625,0],"to":[0,-0.75,0],"ti":[0,0.75,0]},{"i":{"x":0.667,"y":0.667},"o":{"x":0.167,"y":0.167},"n":"0p667_0p667_0p167_0p167","t":13,"s":[47.875,75.625,0],"e":[47.875,75.625,0],"to":[0,0,0],"ti":[0,0,0]},{"i":{"x":0.575,"y":0.453},"o":{"x":0.185,"y":0},"n":"0p575_0p453_0p185_0","t":17,"s":[47.875,75.625,0],"e":[47.875,53.811,0],"to":[0,-3.9718976020813,0],"ti":[0,10.1292753219604,0]},{"i":{"x":0.703,"y":1},"o":{"x":0.341,"y":0.441},"n":"0p703_1_0p341_0p441","t":21,"s":[47.875,53.811,0],"e":[47.875,32.125,0],"to":[0,-8.35993385314941,0],"ti":[0,2.20424127578735,0]},{"i":{"x":0.575,"y":0.487},"o":{"x":0.185,"y":0},"n":"0p575_0p487_0p185_0","t":25,"s":[47.875,32.125,0],"e":[47.875,38.678,0],"to":[0,-3.07518672943115,0],"ti":[0,-5.09842157363892,0]},{"i":{"x":0.703,"y":1},"o":{"x":0.341,"y":0.458},"n":"0p703_1_0p341_0p458","t":28,"s":[47.875,38.678,0],"e":[47.875,46.375,0],"to":[0,2.98395109176636,0],"ti":[0,-0.87683212757111,0]},{"i":{"x":0.703,"y":1},"o":{"x":0.167,"y":0},"n":"0p703_1_0p167_0","t":31,"s":[47.875,46.375,0],"e":[47.875,42.625,0],"to":[0,2.375,0],"ti":[0,0,0]},{"i":{"x":0.703,"y":1},"o":{"x":0.167,"y":0},"n":"0p703_1_0p167_0","t":36,"s":[47.875,42.625,0],"e":[43.625,41.875,0],"to":[0,0,0],"ti":[0,0,0]},{"i":{"x":0.703,"y":1},"o":{"x":0.167,"y":0},"n":"0p703_1_0p167_0","t":46,"s":[43.625,41.875,0],"e":[44.125,41.875,0],"to":[0,0,0],"ti":[0,0,0]},{"i":{"x":0.703,"y":0.703},"o":{"x":0.167,"y":0.167},"n":"0p703_0p703_0p167_0p167","t":57,"s":[44.125,41.875,0],"e":[44.125,41.875,0],"to":[0,0,0],"ti":[0,0,0]},{"i":{"x":0.58,"y":0.58},"o":{"x":0.167,"y":0.167},"n":"0p58_0p58_0p167_0p167","t":60,"s":[44.125,41.875,0],"e":[44.125,41.875,0],"to":[0,0,0],"ti":[0,0,0]},{"i":{"x":0.412,"y":0.61},"o":{"x":0,"y":0},"n":"0p412_0p61_0_0","t":62,"s":[44.125,41.875,0],"e":[44.125,53.614,0],"to":[0,0,0],"ti":[0,0,0]},{"i":{"x":0.677,"y":1},"o":{"x":0.286,"y":0.636},"n":"0p677_1_0p286_0p636","t":64,"s":[44.125,53.614,0],"e":[44.125,62.375,0],"to":[0,0,0],"ti":[0,0,0]},{"t":69}],"ix":2},"a":{"a":0,"k":[-0.125,27.625,0],"ix":1},"s":{"a":0,"k":[106,106,100],"ix":6}},"ao":0,"shapes":[{"ty":"gr","it":[{"ind":0,"ty":"sh","ix":1,"ks":{"a":1,"k":[{"i":{"x":0.667,"y":1},"o":{"x":0.333,"y":0},"n":"0p667_1_0p333_0","t":13,"s":[{"i":[[2.125,0],[0,0],[0.25,0.25]],"o":[[-2.125,0],[0,0],[-0.25,-0.25]],"v":[[-0.125,26],[-3,27.5],[2.5,27.5]],"c":true}],"e":[{"i":[[2.125,0],[0,0],[0.25,0.25]],"o":[[-2.125,0],[0,0],[-0.25,-0.25]],"v":[[-0.125,26.43],[-3,27.5],[2.5,27.5]],"c":true}]},{"i":{"x":0.667,"y":1},"o":{"x":0.333,"y":0},"n":"0p667_1_0p333_0","t":14,"s":[{"i":[[2.125,0],[0,0],[0.25,0.25]],"o":[[-2.125,0],[0,0],[-0.25,-0.25]],"v":[[-0.125,26.43],[-3,27.5],[2.5,27.5]],"c":true}],"e":[{"i":[[2.125,0],[0,0],[0.25,0.25]],"o":[[-2.125,0],[0,0],[-0.25,-0.25]],"v":[[-0.125,26],[-3,27.5],[2.5,27.5]],"c":true}]},{"i":{"x":0.667,"y":1},"o":{"x":0.333,"y":0},"n":"0p667_1_0p333_0","t":15,"s":[{"i":[[2.125,0],[0,0],[0.25,0.25]],"o":[[-2.125,0],[0,0],[-0.25,-0.25]],"v":[[-0.125,26],[-3,27.5],[2.5,27.5]],"c":true}],"e":[{"i":[[2.125,0],[0,0],[0.25,0.25]],"o":[[-2.125,0],[0,0],[-0.25,-0.25]],"v":[[-0.125,26],[-3,27.5],[2.5,27.5]],"c":true}]},{"i":{"x":0.667,"y":1},"o":{"x":0.333,"y":0},"n":"0p667_1_0p333_0","t":17,"s":[{"i":[[2.125,0],[0,0],[0.25,0.25]],"o":[[-2.125,0],[0,0],[-0.25,-0.25]],"v":[[-0.125,26],[-3,27.5],[2.5,27.5]],"c":true}],"e":[{"i":[[2.125,0],[0,0],[0.25,0.25]],"o":[[-2.125,0],[0,0],[-0.25,-0.25]],"v":[[-0.172,24.5],[-3,27.5],[2.5,27.5]],"c":true}]},{"i":{"x":0.667,"y":1},"o":{"x":0.333,"y":0},"n":"0p667_1_0p333_0","t":25,"s":[{"i":[[2.125,0],[0,0],[0.25,0.25]],"o":[[-2.125,0],[0,0],[-0.25,-0.25]],"v":[[-0.172,24.5],[-3,27.5],[2.5,27.5]],"c":true}],"e":[{"i":[[2.125,0],[0,0],[0.25,0.25]],"o":[[-2.125,0],[0,0],[-0.25,-0.25]],"v":[[-0.172,25.328],[-3,27.5],[2.5,27.5]],"c":true}]},{"i":{"x":0.667,"y":1},"o":{"x":0.333,"y":0},"n":"0p667_1_0p333_0","t":31,"s":[{"i":[[2.125,0],[0,0],[0.25,0.25]],"o":[[-2.125,0],[0,0],[-0.25,-0.25]],"v":[[-0.172,25.328],[-3,27.5],[2.5,27.5]],"c":true}],"e":[{"i":[[2.125,0],[0,0],[0.25,0.25]],"o":[[-2.125,0],[0,0],[-0.25,-0.25]],"v":[[-0.172,24.391],[-3,27.5],[2.5,27.5]],"c":true}]},{"i":{"x":0.833,"y":0.833},"o":{"x":0.333,"y":0},"n":"0p833_0p833_0p333_0","t":36,"s":[{"i":[[2.125,0],[0,0],[0.25,0.25]],"o":[[-2.125,0],[0,0],[-0.25,-0.25]],"v":[[-0.172,24.391],[-3,27.5],[2.5,27.5]],"c":true}],"e":[{"i":[[2.125,0],[0,0],[0.25,0.25]],"o":[[-2.125,0],[0,0],[-0.25,-0.25]],"v":[[-0.172,25.578],[-3,27.258],[2.5,27.5]],"c":true}]},{"i":{"x":0.833,"y":1},"o":{"x":0.167,"y":0.167},"n":"0p833_1_0p167_0p167","t":41,"s":[{"i":[[2.125,0],[0,0],[0.25,0.25]],"o":[[-2.125,0],[0,0],[-0.25,-0.25]],"v":[[-0.172,25.578],[-3,27.258],[2.5,27.5]],"c":true}],"e":[{"i":[[2.125,0],[0,0],[0.25,0.25]],"o":[[-2.125,0],[0,0],[-0.25,-0.25]],"v":[[-0.172,24.391],[-3,26.922],[2.5,27.5]],"c":true}]},{"i":{"x":0.833,"y":0.833},"o":{"x":0.167,"y":0},"n":"0p833_0p833_0p167_0","t":46,"s":[{"i":[[2.125,0],[0,0],[0.25,0.25]],"o":[[-2.125,0],[0,0],[-0.25,-0.25]],"v":[[-0.172,24.391],[-3,26.922],[2.5,27.5]],"c":true}],"e":[{"i":[[2.125,0],[0,0],[0.25,0.25]],"o":[[-2.125,0],[0,0],[-0.25,-0.25]],"v":[[3.987,25.641],[1.159,27.268],[6.659,27.023]],"c":true}]},{"i":{"x":0.833,"y":1},"o":{"x":0.167,"y":0.167},"n":"0p833_1_0p167_0p167","t":52,"s":[{"i":[[2.125,0],[0,0],[0.25,0.25]],"o":[[-2.125,0],[0,0],[-0.25,-0.25]],"v":[[3.987,25.641],[1.159,27.268],[6.659,27.023]],"c":true}],"e":[{"i":[[2.125,0],[0,0],[0.25,0.25]],"o":[[-2.125,0],[0,0],[-0.25,-0.25]],"v":[[7.328,23.203],[4.5,26.984],[10,26.078]],"c":true}]},{"i":{"x":0.833,"y":1},"o":{"x":0.167,"y":0},"n":"0p833_1_0p167_0","t":57,"s":[{"i":[[2.125,0],[0,0],[0.25,0.25]],"o":[[-2.125,0],[0,0],[-0.25,-0.25]],"v":[[7.328,23.203],[4.5,26.984],[10,26.078]],"c":true}],"e":[{"i":[[2.125,0],[0,0],[0.25,0.25]],"o":[[-2.125,0],[0,0],[-0.25,-0.25]],"v":[[7.328,16.328],[4.5,21.359],[10,20.453]],"c":true}]},{"i":{"x":0.58,"y":1},"o":{"x":0.167,"y":0},"n":"0p58_1_0p167_0","t":60,"s":[{"i":[[2.125,0],[0,0],[0.25,0.25]],"o":[[-2.125,0],[0,0],[-0.25,-0.25]],"v":[[7.328,16.328],[4.5,21.359],[10,20.453]],"c":true}],"e":[{"i":[[2.125,0],[0,0],[0.25,0.25]],"o":[[-2.125,0],[0,0],[-0.25,-0.25]],"v":[[7.328,21.953],[4.5,25.734],[10,24.828]],"c":true}]},{"i":{"x":0.58,"y":1},"o":{"x":0,"y":0},"n":"0p58_1_0_0","t":62,"s":[{"i":[[2.125,0],[0,0],[0.25,0.25]],"o":[[-2.125,0],[0,0],[-0.25,-0.25]],"v":[[7.328,21.953],[4.5,25.734],[10,24.828]],"c":true}],"e":[{"i":[[2.125,0],[0,0],[0.25,0.25]],"o":[[-2.125,0],[0,0],[-0.25,-0.25]],"v":[[7.328,74.453],[4.5,78.234],[10,77.328]],"c":true}]},{"t":69}],"ix":2},"nm":"路径 1","mn":"ADBE Vector Shape - Group","hd":false},{"ty":"fl","c":{"a":0,"k":[0.603921568627,0.780392156863,0.976470588235,1],"ix":4},"o":{"a":0,"k":100,"ix":5},"r":1,"nm":"填充 1","mn":"ADBE Vector Graphic - Fill","hd":false},{"ty":"tr","p":{"a":0,"k":[-0.714,27.598],"ix":2},"a":{"a":0,"k":[-0.714,27.598],"ix":1},"s":{"a":0,"k":[100,100],"ix":3},"r":{"a":0,"k":0,"ix":6},"o":{"a":0,"k":100,"ix":7},"sk":{"a":0,"k":0,"ix":4},"sa":{"a":0,"k":0,"ix":5},"nm":"变换"}],"nm":"形状 1","np":3,"cix":2,"ix":1,"mn":"ADBE Vector Group","hd":false}],"ip":11,"op":68,"st":0,"bm":0}]}