{
	"v": "5.1.9",
	"fr": 30,
	"ip": 0,
	"op": 78,
	"w": 750,
	"h": 1334,
	"nm": "合成 3",
	"ddd": 0,
	"assets": [],
	"layers": [{
		"ddd": 0,
		"ind": 1,
		"ty": 4,
		"nm": "leg",
		"sr": 1,
		"ks": {
			"o": {
				"a": 0,
				"k": 100,
				"ix": 11
			},
			"r": {
				"a": 1,
				"k": [{
					"i": {
						"x": [0.667],
						"y": [1]
					},
					"o": {
						"x": [0.333],
						"y": [0]
					},
					"n": ["0p667_1_0p333_0"],
					"t": 0,
					"s": [0],
					"e": [51]
				}, {
					"i": {
						"x": [0.667],
						"y": [1]
					},
					"o": {
						"x": [0.333],
						"y": [0]
					},
					"n": ["0p667_1_0p333_0"],
					"t": 3,
					"s": [51],
					"e": [113]
				}, {
					"i": {
						"x": [0.667],
						"y": [1]
					},
					"o": {
						"x": [0.333],
						"y": [0]
					},
					"n": ["0p667_1_0p333_0"],
					"t": 6,
					"s": [113],
					"e": [125.787]
				}, {
					"i": {
						"x": [0.667],
						"y": [1]
					},
					"o": {
						"x": [0.333],
						"y": [0]
					},
					"n": ["0p667_1_0p333_0"],
					"t": 9,
					"s": [125.787],
					"e": [132.787]
				}, {
					"i": {
						"x": [0.667],
						"y": [1]
					},
					"o": {
						"x": [0.333],
						"y": [0]
					},
					"n": ["0p667_1_0p333_0"],
					"t": 12,
					"s": [132.787],
					"e": [132.787]
				}, {
					"i": {
						"x": [0.667],
						"y": [1]
					},
					"o": {
						"x": [0.333],
						"y": [0]
					},
					"n": ["0p667_1_0p333_0"],
					"t": 15,
					"s": [132.787],
					"e": [132.787]
				}, {
					"i": {
						"x": [0.667],
						"y": [1]
					},
					"o": {
						"x": [0.333],
						"y": [0]
					},
					"n": ["0p667_1_0p333_0"],
					"t": 18,
					"s": [132.787],
					"e": [112.787]
				}, {
					"i": {
						"x": [0.667],
						"y": [1]
					},
					"o": {
						"x": [0.333],
						"y": [0]
					},
					"n": ["0p667_1_0p333_0"],
					"t": 21,
					"s": [112.787],
					"e": [0]
				}, {
					"t": 24
				}],
				"ix": 10
			},
			"p": {
				"a": 1,
				"k": [{
					"i": {
						"x": 0.667,
						"y": 1
					},
					"o": {
						"x": 0.333,
						"y": 0
					},
					"n": "0p667_1_0p333_0",
					"t": 0,
					"s": [431, 614, 0],
					"e": [415, 638, 0],
					"to": [-2.66666674613953, 4, 0],
					"ti": [2.33333325386047, -5, 0]
				}, {
					"i": {
						"x": 0.667,
						"y": 1
					},
					"o": {
						"x": 0.333,
						"y": 0
					},
					"n": "0p667_1_0p333_0",
					"t": 3,
					"s": [415, 638, 0],
					"e": [417, 644, 0],
					"to": [-2.33333325386047, 5, 0],
					"ti": [2.33333325386047, 0.33333334326744, 0]
				}, {
					"i": {
						"x": 0.667,
						"y": 1
					},
					"o": {
						"x": 0.333,
						"y": 0
					},
					"n": "0p667_1_0p333_0",
					"t": 6,
					"s": [417, 644, 0],
					"e": [401, 636, 0],
					"to": [-2.33333325386047, -0.33333334326744, 0],
					"ti": [-2.33333325386047, 3, 0]
				}, {
					"i": {
						"x": 0.667,
						"y": 1
					},
					"o": {
						"x": 0.333,
						"y": 0
					},
					"n": "0p667_1_0p333_0",
					"t": 9,
					"s": [401, 636, 0],
					"e": [431, 626, 0],
					"to": [2.33333325386047, -3, 0],
					"ti": [-3.33333325386047, -2, 0]
				}, {
					"i": {
						"x": 0.667,
						"y": 1
					},
					"o": {
						"x": 0.333,
						"y": 0
					},
					"n": "0p667_1_0p333_0",
					"t": 12,
					"s": [431, 626, 0],
					"e": [421, 648, 0],
					"to": [3.33333325386047, 2, 0],
					"ti": [1.66666662693024, -3.66666674613953, 0]
				}, {
					"i": {
						"x": 0.667,
						"y": 0.667
					},
					"o": {
						"x": 0.333,
						"y": 0.333
					},
					"n": "0p667_0p667_0p333_0p333",
					"t": 15,
					"s": [421, 648, 0],
					"e": [421, 648, 0],
					"to": [0, 0, 0],
					"ti": [0, 0, 0]
				}, {
					"i": {
						"x": 0.667,
						"y": 1
					},
					"o": {
						"x": 0.333,
						"y": 0
					},
					"n": "0p667_1_0p333_0",
					"t": 18,
					"s": [421, 648, 0],
					"e": [420, 655, 0],
					"to": [-0.16666667163372, 1.16666662693024, 0],
					"ti": [-1.66666662693024, 1.66666662693024, 0]
				}, {
					"i": {
						"x": 0.667,
						"y": 1
					},
					"o": {
						"x": 0.333,
						"y": 0
					},
					"n": "0p667_1_0p333_0",
					"t": 21,
					"s": [420, 655, 0],
					"e": [431.649, 639.1, 0],
					"to": [0.85873568058014, -0.85873568058014, 0],
					"ti": [-2.38292407989502, 3.80661368370056, 0]
				}, {
					"i": {
						"x": 0.667,
						"y": 1
					},
					"o": {
						"x": 0.333,
						"y": 0
					},
					"n": "0p667_1_0p333_0",
					"t": 23,
					"s": [431.649, 639.1, 0],
					"e": [431, 614, 0],
					"to": [2.24194478988647, -3.58140587806702, 0],
					"ti": [-0.88872402906418, 1.37348258495331, 0]
				}, {
					"t": 24
				}],
				"ix": 2
			},
			"a": {
				"a": 0,
				"k": [271, 323, 0],
				"ix": 1
			},
			"s": {
				"a": 0,
				"k": [100, 100, 100],
				"ix": 6
			}
		},
		"ao": 0,
		"shapes": [{
			"ty": "gr",
			"it": [{
				"ind": 0,
				"ty": "sh",
				"ix": 1,
				"ks": {
					"a": 1,
					"k": [{
						"i": {
							"x": 0.667,
							"y": 1
						},
						"o": {
							"x": 0.333,
							"y": 0
						},
						"n": "0p667_1_0p333_0",
						"t": 0,
						"s": [{
							"i": [
								[4.31, -1.487],
								[-5.158, -7.88],
								[0, 0],
								[8.25, 4.309],
								[-1.035, -4.639],
								[-17.797, 5.397],
								[0.518, 3.348],
								[-6.101, 7.844],
								[17.368, 5.423],
								[10.419, 0]
							],
							"o": [
								[-6.507, 2.324],
								[2.984, 4.56],
								[-7.185, -1.818],
								[-4.674, -0.742],
								[1.665, 7.452],
								[6.431, -2.868],
								[14.65, 2.984],
								[6.393, -8.216],
								[-6.727, -2.1],
								[-5.266, 0.001]
							],
							"v": [
								[-16.82, -24.409],
								[-24.448, -5.056],
								[-15.206, 3.708],
								[-38.75, -6.081],
								[-46.888, 5.191],
								[3.456, 21.083],
								[9.845, 10.052],
								[41.53, 6.077],
								[26.05, -22.095],
								[-2.135, -26.48]
							],
							"c": true
						}],
						"e": [{
							"i": [
								[6.34, -4.995],
								[-2.02, -8.073],
								[8.855, 1.671],
								[8.25, 4.309],
								[-1.035, -4.639],
								[-22.823, 5.077],
								[0.583, 15.506],
								[8.461, 5.445],
								[9.937, -1.528],
								[11.919, -2.921]
							],
							"o": [
								[-7.745, 6.44],
								[5.665, 1.293],
								[-13.471, -1.904],
								[-4.674, -0.742],
								[1.665, 7.452],
								[6.431, -2.868],
								[42.842, 6.621],
								[-1.328, -3.125],
								[-6.672, 1.107],
								[2.147, -1.183]
							],
							"v": [
								[6.763, -23.148],
								[-0.988, -2.557],
								[-13.232, 10.991],
								[-38.75, -6.081],
								[-46.888, 5.191],
								[-4.537, 28.269],
								[19.916, -0.344],
								[62.797, -29.924],
								[44.917, -35.269],
								[26.289, -31.593]
							],
							"c": true
						}]
					}, {
						"i": {
							"x": 0.667,
							"y": 1
						},
						"o": {
							"x": 0.333,
							"y": 0
						},
						"n": "0p667_1_0p333_0",
						"t": 3,
						"s": [{
							"i": [
								[6.34, -4.995],
								[-2.02, -8.073],
								[8.855, 1.671],
								[8.25, 4.309],
								[-1.035, -4.639],
								[-22.823, 5.077],
								[0.583, 15.506],
								[8.461, 5.445],
								[9.937, -1.528],
								[11.919, -2.921]
							],
							"o": [
								[-7.745, 6.44],
								[5.665, 1.293],
								[-13.471, -1.904],
								[-4.674, -0.742],
								[1.665, 7.452],
								[6.431, -2.868],
								[42.842, 6.621],
								[-1.328, -3.125],
								[-6.672, 1.107],
								[2.147, -1.183]
							],
							"v": [
								[6.763, -23.148],
								[-0.988, -2.557],
								[-13.232, 10.991],
								[-38.75, -6.081],
								[-46.888, 5.191],
								[-4.537, 28.269],
								[19.916, -0.344],
								[62.797, -29.924],
								[44.917, -35.269],
								[26.289, -31.593]
							],
							"c": true
						}],
						"e": [{
							"i": [
								[7.22, -8.879],
								[-2.02, -8.073],
								[10.849, 0.323],
								[8.25, 4.309],
								[-1.035, -4.639],
								[-22.823, 5.077],
								[5.332, 14.051],
								[6.298, 8.724],
								[8.735, -0.559],
								[8.35, -11.917]
							],
							"o": [
								[-7.745, 6.44],
								[5.665, 1.293],
								[-13.471, -1.904],
								[-4.674, -0.742],
								[1.665, 7.452],
								[16.76, -6.86],
								[27.491, -14.366],
								[-1.328, -3.125],
								[-6.672, 1.107],
								[2.147, -1.183]
							],
							"v": [
								[-15.68, -26.114],
								[-20.67, -6.696],
								[-12.338, 18.216],
								[-38.75, -6.081],
								[-46.888, 5.191],
								[-0.7, 38.59],
								[2.41, -7.036],
								[21.506, -50.42],
								[8.828, -60.146],
								[-3.396, -47.781]
							],
							"c": true
						}]
					}, {
						"i": {
							"x": 0.667,
							"y": 1
						},
						"o": {
							"x": 0.333,
							"y": 0
						},
						"n": "0p667_1_0p333_0",
						"t": 6,
						"s": [{
							"i": [
								[7.22, -8.879],
								[-2.02, -8.073],
								[10.849, 0.323],
								[8.25, 4.309],
								[-1.035, -4.639],
								[-22.823, 5.077],
								[5.332, 14.051],
								[6.298, 8.724],
								[8.735, -0.559],
								[8.35, -11.917]
							],
							"o": [
								[-7.745, 6.44],
								[5.665, 1.293],
								[-13.471, -1.904],
								[-4.674, -0.742],
								[1.665, 7.452],
								[16.76, -6.86],
								[27.491, -14.366],
								[-1.328, -3.125],
								[-6.672, 1.107],
								[2.147, -1.183]
							],
							"v": [
								[-15.68, -26.114],
								[-20.67, -6.696],
								[-12.338, 18.216],
								[-38.75, -6.081],
								[-46.888, 5.191],
								[-0.7, 38.59],
								[2.41, -7.036],
								[21.506, -50.42],
								[8.828, -60.146],
								[-3.396, -47.781]
							],
							"c": true
						}],
						"e": [{
							"i": [
								[4.363, 1.025],
								[0.991, -10.983],
								[10.475, 13.518],
								[8.25, 4.309],
								[-1.035, -4.639],
								[-22.823, 5.077],
								[-5.157, 9.813],
								[-40.383, 27.996],
								[10.761, 20.851],
								[0.946, 2.633]
							],
							"o": [
								[-4.76, 0.009],
								[-5.19, 10.049],
								[-10.383, -11.306],
								[-4.674, -0.742],
								[1.665, 7.452],
								[12.744, -3.525],
								[-2.121, -13.746],
								[1.762, -8.362],
								[-3.388, -7.364],
								[-4.998, -6.251]
							],
							"v": [
								[32.67, 3.335],
								[16.465, 19.366],
								[-9.404, 43.043],
								[-32.889, 7.727],
								[-41.027, 18.999],
								[3.142, 66.834],
								[26.523, 44.652],
								[69.444, 79.15],
								[51.136, 26.729],
								[43.468, 12.717]
							],
							"c": true
						}]
					}, {
						"i": {
							"x": 0.667,
							"y": 1
						},
						"o": {
							"x": 0.333,
							"y": 0
						},
						"n": "0p667_1_0p333_0",
						"t": 9,
						"s": [{
							"i": [
								[4.363, 1.025],
								[0.991, -10.983],
								[10.475, 13.518],
								[8.25, 4.309],
								[-1.035, -4.639],
								[-22.823, 5.077],
								[-5.157, 9.813],
								[-40.383, 27.996],
								[10.761, 20.851],
								[0.946, 2.633]
							],
							"o": [
								[-4.76, 0.009],
								[-5.19, 10.049],
								[-10.383, -11.306],
								[-4.674, -0.742],
								[1.665, 7.452],
								[12.744, -3.525],
								[-2.121, -13.746],
								[1.762, -8.362],
								[-3.388, -7.364],
								[-4.998, -6.251]
							],
							"v": [
								[32.67, 3.335],
								[16.465, 19.366],
								[-9.404, 43.043],
								[-32.889, 7.727],
								[-41.027, 18.999],
								[3.142, 66.834],
								[26.523, 44.652],
								[69.444, 79.15],
								[51.136, 26.729],
								[43.468, 12.717]
							],
							"c": true
						}],
						"e": [{
							"i": [
								[6.112, -3.382],
								[10.243, -2.388],
								[10.043, 10.829],
								[8.25, 4.309],
								[-1.035, -4.639],
								[-24.377, -2.854],
								[-7.705, 3.923],
								[-48.208, 21.143],
								[7.11, 20.616],
								[7.815, -6.808]
							],
							"o": [
								[-9.206, 2.73],
								[-9.063, 1.861],
								[-10.383, -11.306],
								[-4.674, -0.742],
								[1.665, 7.452],
								[10.615, 0.471],
								[-0.263, -9.044],
								[5.727, -5.316],
								[-0.893, -13.162],
								[-5.87, 2.267]
							],
							"v": [
								[34.108, 33.117],
								[16.46, 38.169],
								[-16.61, 30.055],
								[-32.889, 7.727],
								[-41.027, 18.999],
								[-3.536, 55.006],
								[32.54, 51.717],
								[60.558, 94.185],
								[61.718, 40.982],
								[44.288, 27.535]
							],
							"c": true
						}]
					}, {
						"i": {
							"x": 0.667,
							"y": 1
						},
						"o": {
							"x": 0.333,
							"y": 0
						},
						"n": "0p667_1_0p333_0",
						"t": 10,
						"s": [{
							"i": [
								[6.112, -3.382],
								[10.243, -2.388],
								[10.043, 10.829],
								[8.25, 4.309],
								[-1.035, -4.639],
								[-24.377, -2.854],
								[-7.705, 3.923],
								[-48.208, 21.143],
								[7.11, 20.616],
								[7.815, -6.808]
							],
							"o": [
								[-9.206, 2.73],
								[-9.063, 1.861],
								[-10.383, -11.306],
								[-4.674, -0.742],
								[1.665, 7.452],
								[10.615, 0.471],
								[-0.263, -9.044],
								[5.727, -5.316],
								[-0.893, -13.162],
								[-5.87, 2.267]
							],
							"v": [
								[34.108, 33.117],
								[16.46, 38.169],
								[-16.61, 30.055],
								[-32.889, 7.727],
								[-41.027, 18.999],
								[-3.536, 55.006],
								[32.54, 51.717],
								[60.558, 94.185],
								[61.718, 40.982],
								[44.288, 27.535]
							],
							"c": true
						}],
						"e": [{
							"i": [
								[4.363, 1.025],
								[12.973, 3.964],
								[-0.272, 0.101],
								[4.957, 3.761],
								[-1.035, -4.639],
								[-25.931, -10.785],
								[-10.252, -1.966],
								[-56.033, 14.29],
								[3.458, 20.381],
								[14.684, -16.248]
							],
							"o": [
								[-7.334, -1.085],
								[-12.937, -6.327],
								[0.272, -0.101],
								[-4.674, -0.742],
								[1.665, 7.452],
								[8.487, 4.468],
								[1.595, -4.343],
								[17.196, -11.551],
								[1.601, -18.961],
								[-6.813, -0.752]
							],
							"v": [
								[35.338, 42.092],
								[1.411, 32.684],
								[-21.438, 19.635],
								[-32.374, 12.7],
								[-40.457, 22.559],
								[-10.214, 43.178],
								[38.558, 58.782],
								[51.672, 109.219],
								[72.301, 55.235],
								[45.108, 42.353]
							],
							"c": true
						}]
					}, {
						"i": {
							"x": 0.667,
							"y": 1
						},
						"o": {
							"x": 0.333,
							"y": 0
						},
						"n": "0p667_1_0p333_0",
						"t": 12,
						"s": [{
							"i": [
								[4.363, 1.025],
								[12.973, 3.964],
								[-0.272, 0.101],
								[4.957, 3.761],
								[-1.035, -4.639],
								[-25.931, -10.785],
								[-10.252, -1.966],
								[-56.033, 14.29],
								[3.458, 20.381],
								[14.684, -16.248]
							],
							"o": [
								[-7.334, -1.085],
								[-12.937, -6.327],
								[0.272, -0.101],
								[-4.674, -0.742],
								[1.665, 7.452],
								[8.487, 4.468],
								[1.595, -4.343],
								[17.196, -11.551],
								[1.601, -18.961],
								[-6.813, -0.752]
							],
							"v": [
								[35.338, 42.092],
								[1.411, 32.684],
								[-21.438, 19.635],
								[-32.374, 12.7],
								[-40.457, 22.559],
								[-10.214, 43.178],
								[38.558, 58.782],
								[51.672, 109.219],
								[72.301, 55.235],
								[45.108, 42.353]
							],
							"c": true
						}],
						"e": [{
							"i": [
								[4.363, 1.025],
								[28.781, 12.894],
								[-0.272, 0.101],
								[4.672, 1.981],
								[-16.241, -8.291],
								[-28.308, -4.855],
								[-12.624, 14.583],
								[-28.001, 4.393],
								[12.58, 12.624],
								[7.613, 6.219]
							],
							"o": [
								[-7.334, -1.085],
								[-12.937, -6.327],
								[0.272, -0.101],
								[-4.674, -0.742],
								[5.96, 3.181],
								[12.455, 2.381],
								[1.595, -4.343],
								[11.489, -10.356],
								[-10.883, -11.988],
								[-12.699, -8.365]
							],
							"v": [
								[54.395, 6.739],
								[-5.507, 37.724],
								[-22.187, 29.866],
								[-35.215, 22.144],
								[-31.615, 40.946],
								[9.079, 56.661],
								[49.378, 35.14],
								[99.375, 65.067],
								[90.133, 33.279],
								[71.325, 13.999]
							],
							"c": true
						}]
					}, {
						"i": {
							"x": 0.667,
							"y": 1
						},
						"o": {
							"x": 0.333,
							"y": 0
						},
						"n": "0p667_1_0p333_0",
						"t": 15,
						"s": [{
							"i": [
								[4.363, 1.025],
								[28.781, 12.894],
								[-0.272, 0.101],
								[4.672, 1.981],
								[-16.241, -8.291],
								[-28.308, -4.855],
								[-12.624, 14.583],
								[-28.001, 4.393],
								[12.58, 12.624],
								[7.613, 6.219]
							],
							"o": [
								[-7.334, -1.085],
								[-12.937, -6.327],
								[0.272, -0.101],
								[-4.674, -0.742],
								[5.96, 3.181],
								[12.455, 2.381],
								[1.595, -4.343],
								[11.489, -10.356],
								[-10.883, -11.988],
								[-12.699, -8.365]
							],
							"v": [
								[54.395, 6.739],
								[-5.507, 37.724],
								[-22.187, 29.866],
								[-35.215, 22.144],
								[-31.615, 40.946],
								[9.079, 56.661],
								[49.378, 35.14],
								[99.375, 65.067],
								[90.133, 33.279],
								[71.325, 13.999]
							],
							"c": true
						}],
						"e": [{
							"i": [
								[4.363, 1.025],
								[8.333, -30.178],
								[-0.272, 0.101],
								[0, 0],
								[-9.421, -1.659],
								[-7.474, 9.926],
								[-2.751, 10.896],
								[-28.001, 4.393],
								[2.548, 3.351],
								[7.613, 6.219]
							],
							"o": [
								[-7.334, -1.085],
								[-9.3, 14.076],
								[0.272, -0.101],
								[0, 0],
								[6.463, -0.691],
								[6.771, -10.753],
								[1.595, -4.343],
								[11.489, -10.356],
								[-2.548, -3.351],
								[-12.699, -8.365]
							],
							"v": [
								[10.93, -45.006],
								[-10.657, 1.612],
								[-27.934, 22.922],
								[-34.333, 26.777],
								[-31.615, 40.946],
								[-4.128, 18.469],
								[10.07, -14.321],
								[58.708, 14.138],
								[49.466, -17.65],
								[30.658, -36.93]
							],
							"c": true
						}]
					}, {
						"i": {
							"x": 0.667,
							"y": 1
						},
						"o": {
							"x": 0.333,
							"y": 0
						},
						"n": "0p667_1_0p333_0",
						"t": 18,
						"s": [{
							"i": [
								[4.363, 1.025],
								[8.333, -30.178],
								[-0.272, 0.101],
								[0, 0],
								[-9.421, -1.659],
								[-7.474, 9.926],
								[-2.751, 10.896],
								[-28.001, 4.393],
								[2.548, 3.351],
								[7.613, 6.219]
							],
							"o": [
								[-7.334, -1.085],
								[-9.3, 14.076],
								[0.272, -0.101],
								[0, 0],
								[6.463, -0.691],
								[6.771, -10.753],
								[1.595, -4.343],
								[11.489, -10.356],
								[-2.548, -3.351],
								[-12.699, -8.365]
							],
							"v": [
								[10.93, -45.006],
								[-10.657, 1.612],
								[-27.934, 22.922],
								[-34.333, 26.777],
								[-31.615, 40.946],
								[-4.128, 18.469],
								[10.07, -14.321],
								[58.708, 14.138],
								[49.466, -17.65],
								[30.658, -36.93]
							],
							"c": true
						}],
						"e": [{
							"i": [
								[4.363, 1.025],
								[8.333, -30.178],
								[-0.272, 0.101],
								[4.579, -4.745],
								[-9.421, -1.659],
								[-7.474, 9.926],
								[-2.751, 10.896],
								[-28.001, 4.393],
								[2.548, 3.351],
								[7.613, 6.219]
							],
							"o": [
								[-7.334, -1.085],
								[-9.3, 14.076],
								[0.272, -0.101],
								[-4.674, -0.742],
								[6.463, -0.691],
								[6.771, -10.753],
								[1.595, -4.343],
								[11.489, -10.356],
								[-2.548, -3.351],
								[-12.699, -8.365]
							],
							"v": [
								[-13.967, -47.277],
								[-35.553, -0.659],
								[-52.83, 20.65],
								[-59.23, 24.506],
								[-56.511, 38.674],
								[-29.025, 16.197],
								[-14.827, -16.593],
								[33.811, 11.866],
								[24.569, -19.921],
								[5.761, -39.201]
							],
							"c": true
						}]
					}, {
						"i": {
							"x": 0.667,
							"y": 1
						},
						"o": {
							"x": 0.333,
							"y": 0
						},
						"n": "0p667_1_0p333_0",
						"t": 21,
						"s": [{
							"i": [
								[4.363, 1.025],
								[8.333, -30.178],
								[-0.272, 0.101],
								[4.579, -4.745],
								[-9.421, -1.659],
								[-7.474, 9.926],
								[-2.751, 10.896],
								[-28.001, 4.393],
								[2.548, 3.351],
								[7.613, 6.219]
							],
							"o": [
								[-7.334, -1.085],
								[-9.3, 14.076],
								[0.272, -0.101],
								[-4.674, -0.742],
								[6.463, -0.691],
								[6.771, -10.753],
								[1.595, -4.343],
								[11.489, -10.356],
								[-2.548, -3.351],
								[-12.699, -8.365]
							],
							"v": [
								[-13.967, -47.277],
								[-35.553, -0.659],
								[-52.83, 20.65],
								[-59.23, 24.506],
								[-56.511, 38.674],
								[-29.025, 16.197],
								[-14.827, -16.593],
								[33.811, 11.866],
								[24.569, -19.921],
								[5.761, -39.201]
							],
							"c": true
						}],
						"e": [{
							"i": [
								[3.742, -3.549],
								[6.168, -18.83],
								[-0.204, 0.076],
								[5.496, -2.482],
								[-7.325, -2.404],
								[-10.054, 8.794],
								[-1.854, 15.047],
								[-22.526, 5.256],
								[7.813, 4.928],
								[16.202, 4.935]
							],
							"o": [
								[-5.53, 10.55],
								[-5.246, 14.397],
								[-1.592, -0.531],
								[-4.674, -0.742],
								[5.264, 1.345],
								[8.884, -7.982],
								[-0.462, -5.398],
								[12.7, -10.13],
								[-3.593, -3.038],
								[-11.093, -2.815]
							],
							"v": [
								[-21.933, -38.538],
								[-25.846, -4.057],
								[-40.494, 12.497],
								[-54.11, 16.859],
								[-54.105, 30.303],
								[-17.515, 18.744],
								[-7.191, -12.238],
								[31.072, -5.592],
								[31.971, -33.36],
								[1.318, -41.219]
							],
							"c": true
						}]
					}, {
						"i": {
							"x": 0.667,
							"y": 1
						},
						"o": {
							"x": 0.333,
							"y": 0
						},
						"n": "0p667_1_0p333_0",
						"t": 22,
						"s": [{
							"i": [
								[3.742, -3.549],
								[6.168, -18.83],
								[-0.204, 0.076],
								[5.496, -2.482],
								[-7.325, -2.404],
								[-10.054, 8.794],
								[-1.854, 15.047],
								[-22.526, 5.256],
								[7.813, 4.928],
								[16.202, 4.935]
							],
							"o": [
								[-5.53, 10.55],
								[-5.246, 14.397],
								[-1.592, -0.531],
								[-4.674, -0.742],
								[5.264, 1.345],
								[8.884, -7.982],
								[-0.462, -5.398],
								[12.7, -10.13],
								[-3.593, -3.038],
								[-11.093, -2.815]
							],
							"v": [
								[-21.933, -38.538],
								[-25.846, -4.057],
								[-40.494, 12.497],
								[-54.11, 16.859],
								[-54.105, 30.303],
								[-17.515, 18.744],
								[-7.191, -12.238],
								[31.072, -5.592],
								[31.971, -33.36],
								[1.318, -41.219]
							],
							"c": true
						}],
						"e": [{
							"i": [
								[3.122, -8.123],
								[-13.015, -12.914],
								[-0.136, 0.051],
								[6.414, -0.218],
								[-5.228, -3.149],
								[-12.635, 7.661],
								[-0.957, 19.199],
								[-17.051, 6.119],
								[13.079, 6.506],
								[22.113, -8.682]
							],
							"o": [
								[-1.293, 7.553],
								[-4.371, 19.247],
								[-3.457, -0.96],
								[-4.674, -0.742],
								[4.064, 3.38],
								[10.997, -5.211],
								[-2.519, -6.454],
								[13.911, -9.903],
								[-4.637, -2.726],
								[-9.488, 2.735]
							],
							"v": [
								[-28.002, -28.614],
								[-16.14, -7.454],
								[-33.607, 8.851],
								[-48.99, 9.213],
								[-51.7, 21.933],
								[-12.784, 18.64],
								[4.71, -10.492],
								[28.333, -23.049],
								[27.898, -52.908],
								[-11.373, -41.004]
							],
							"c": true
						}]
					}, {
						"i": {
							"x": 0.667,
							"y": 1
						},
						"o": {
							"x": 0.333,
							"y": 0
						},
						"n": "0p667_1_0p333_0",
						"t": 23,
						"s": [{
							"i": [
								[3.122, -8.123],
								[-13.015, -12.914],
								[-0.136, 0.051],
								[6.414, -0.218],
								[-5.228, -3.149],
								[-12.635, 7.661],
								[-0.957, 19.199],
								[-17.051, 6.119],
								[13.079, 6.506],
								[22.113, -8.682]
							],
							"o": [
								[-1.293, 7.553],
								[-4.371, 19.247],
								[-3.457, -0.96],
								[-4.674, -0.742],
								[4.064, 3.38],
								[10.997, -5.211],
								[-2.519, -6.454],
								[13.911, -9.903],
								[-4.637, -2.726],
								[-9.488, 2.735]
							],
							"v": [
								[-28.002, -28.614],
								[-16.14, -7.454],
								[-33.607, 8.851],
								[-48.99, 9.213],
								[-51.7, 21.933],
								[-12.784, 18.64],
								[4.71, -10.492],
								[28.333, -23.049],
								[27.898, -52.908],
								[-11.373, -41.004]
							],
							"c": true
						}],
						"e": [{
							"i": [
								[4.31, -1.487],
								[-5.158, -7.88],
								[0, 0],
								[8.25, 4.309],
								[-1.035, -4.639],
								[-17.797, 5.397],
								[0.518, 3.348],
								[-6.101, 7.844],
								[17.368, 5.423],
								[10.419, 0]
							],
							"o": [
								[-6.507, 2.324],
								[2.984, 4.56],
								[-7.185, -1.818],
								[-4.674, -0.742],
								[1.665, 7.452],
								[6.431, -2.868],
								[14.65, 2.984],
								[6.393, -8.216],
								[-6.727, -2.1],
								[-5.266, 0.001]
							],
							"v": [
								[-16.82, -24.409],
								[-24.448, -5.056],
								[-15.206, 3.708],
								[-38.75, -6.081],
								[-46.888, 5.191],
								[3.456, 21.083],
								[9.845, 10.052],
								[41.53, 6.077],
								[26.05, -22.095],
								[-2.135, -26.48]
							],
							"c": true
						}]
					}, {
						"t": 24
					}],
					"ix": 2
				},
				"nm": "路径 1",
				"mn": "ADBE Vector Shape - Group",
				"hd": false
			}, {
				"ty": "gf",
				"o": {
					"a": 0,
					"k": 100,
					"ix": 10
				},
				"r": 1,
				"g": {
					"p": 2,
					"k": {
						"a": 0,
						"k": [0, 0.28125, 0.6015625, 0.828125, 1, 0, 0, 0],
						"ix": 9
					}
				},
				"s": {
					"a": 0,
					"k": [-45.603, 1.191],
					"ix": 5
				},
				"e": {
					"a": 0,
					"k": [48.119, 41.871],
					"ix": 6
				},
				"t": 2,
				"h": {
					"a": 0,
					"k": 0,
					"ix": 7
				},
				"a": {
					"a": 0,
					"k": 0,
					"ix": 8
				},
				"nm": "渐变填充 1",
				"mn": "ADBE Vector Graphic - G-Fill",
				"hd": false
			}, {
				"ty": "tr",
				"p": {
					"a": 0,
					"k": [316.038, 317.48],
					"ix": 2
				},
				"a": {
					"a": 0,
					"k": [0, 0],
					"ix": 1
				},
				"s": {
					"a": 0,
					"k": [100, 100],
					"ix": 3
				},
				"r": {
					"a": 0,
					"k": 0,
					"ix": 6
				},
				"o": {
					"a": 0,
					"k": 100,
					"ix": 7
				},
				"sk": {
					"a": 0,
					"k": 0,
					"ix": 4
				},
				"sa": {
					"a": 0,
					"k": 0,
					"ix": 5
				},
				"nm": "变换"
			}],
			"nm": "组 1",
			"np": 2,
			"cix": 2,
			"ix": 1,
			"mn": "ADBE Vector Group",
			"hd": false
		}],
		"ip": 0,
		"op": 78,
		"st": 0,
		"bm": 0
	}],
	"markers": []
}