{
  "images" : [
    {
      "idiom" : "universal",
      "scale" : "1x"
    },
    {
      "idiom" : "universal",
      "filename" : " feedback@2x.png",
      "scale" : "2x"
    },
    {
      "idiom" : "universal",
      "scale" : "3x"
    },
    {
      "idiom" : "universal",
      "filename" : " form@2x.png",
      "unassigned" : true,
      "scale" : "2x"
    },
    {
      "idiom" : "universal",
      "filename" : " home_titlebar_search@2x.png",
      "unassigned" : true,
      "scale" : "2x"
    },
    {
      "idiom" : "universal",
      "filename" : " layout@2x.png",
      "unassigned" : true,
      "scale" : "2x"
    },
    {
      "idiom" : "universal",
      "filename" : " navigation@2x.png",
      "unassigned" : true,
      "scale" : "2x"
    },
    {
      "idiom" : "universal",
      "filename" : " search@2x.png",
      "unassigned" : true,
      "scale" : "2x"
    },
    {
      "idiom" : "universal",
      "filename" : " tab1@2x.png",
      "unassigned" : true,
      "scale" : "2x"
    },
    {
      "idiom" : "universal",
      "filename" : " tab1@2x.png",
      "unassigned" : true,
      "scale" : "2x"
    },
    {
      "idiom" : "universal",
      "filename" : " tab2@2x.png",
      "unassigned" : true,
      "scale" : "2x"
    },
    {
      "idiom" : "universal",
      "filename" : " titlebar_notice@2x.png",
      "unassigned" : true,
      "scale" : "2x"
    },
    {
      "idiom" : "universal",
      "filename" : " titlebar_search@2x.png",
      "unassigned" : true,
      "scale" : "2x"
    }
  ],
  "info" : {
    "version" : 1,
    "author" : "xcode"
  }
}